user_id,age,region,job,device,prefer_hour,pay_amount
U00001,50,华中,学生,Windows 桌面,6,557.48
U00002,37,华北,在职-产品,Mac 桌面,20,325.76
U00003,53,华北,在职-数据,Windows 桌面,12,575.29
U00004,49,西南,在职-数据,Mac 桌面,21,225.31
U00005,20,华东,在职-运营,iPhone,12,644.38
U00006,46,华北,自由职业,iPhone,11,18.41
U00007,41,华南,学生,Android,13,59.53
U00008,40,华北,学生,Android,11,457.53
U00009,27,华南,学生,iPhone,21,7.72
U00010,28,华东,其他,Windows 桌面,18,696.13
U00011,23,西南,学生,Android,6,466.2
U00012,29,东北,在职-运营,Windows 桌面,11,628.91
U00013,35,华东,自由职业,iPhone,18,44.93
U00014,30,华南,在职-数据,iPhone,13,148.46
U00015,47,西北,学生,iPhone,22,346.38
U00016,30,西北,在职-数据,Android,7,40.0
U00017,53,华东,在职-运营,Windows 桌面,7,500.36
U00018,53,华南,在职-运营,Android,23,566.59
U00019,22,华中,自由职业,Android,15,375.37
U00020,35,西北,其他,iPhone,15,354.01
U00021,54,西南,学生,iPhone,22,140.68
U00022,39,华南,在职-产品,Android,18,702.54
U00023,34,西南,在职-数据,iPhone,14,562.29
U00024,41,华东,在职-数据,Android,17,678.89
U00025,31,东北,在职-数据,Android,19,315.73
U00026,25,东北,自由职业,Windows 桌面,10,481.24
U00027,36,西南,其他,Windows 桌面,19,174.61
U00028,47,华北,在职-产品,Android,12,424.44
U00029,43,西北,其他,Windows 桌面,13,225.16
U00030,28,华南,学生,iPhone,19,50.23
U00031,38,华北,其他,iPhone,13,495.88
U00032,20,东北,在职-运营,iPhone,23,539.23
U00033,52,西北,在职-运营,iPhone,18,781.73
U00034,29,西北,学生,Windows 桌面,20,470.51
U00035,22,华北,其他,iPhone,12,455.36
U00036,28,西北,在职-产品,Mac 桌面,16,286.49
U00037,48,东北,在职-运营,Windows 桌面,18,399.76
U00038,31,东北,在职-运营,Windows 桌面,22,436.73
U00039,42,西北,在职-数据,Android,6,469.78
U00040,50,华东,其他,Windows 桌面,20,327.79
U00041,33,华中,在职-产品,Mac 桌面,17,370.9
U00042,23,华中,在职-运营,Android,17,113.67
U00043,42,东北,在职-运营,Mac 桌面,20,759.71
U00044,21,东北,在职-数据,Windows 桌面,9,305.17
U00045,47,东北,其他,Android,7,319.53
U00046,44,华东,在职-运营,Android,17,120.83
U00047,26,华南,在职-数据,iPhone,14,13.11
U00048,25,华中,在职-数据,Windows 桌面,19,269.85
U00049,50,华东,在职-运营,Mac 桌面,17,126.65
U00050,19,东北,自由职业,Windows 桌面,18,182.19
U00051,21,华中,自由职业,Mac 桌面,23,346.28
U00052,31,东北,在职-数据,Mac 桌面,13,775.28
U00053,29,华东,在职-产品,iPhone,14,53.52
U00054,43,华北,其他,Mac 桌面,23,486.25
U00055,19,华南,在职-数据,Mac 桌面,13,642.9
U00056,31,华中,在职-运营,iPhone,11,765.49
U00057,48,西北,在职-数据,Windows 桌面,22,504.37
U00058,42,西北,自由职业,Mac 桌面,17,489.3
U00059,30,西南,在职-数据,Windows 桌面,17,272.88
U00060,42,华北,其他,Android,10,295.65
U00061,42,华中,学生,iPhone,21,357.66
U00062,40,华中,在职-数据,Android,19,755.66
U00063,23,西北,在职-数据,Windows 桌面,16,507.1
U00064,29,华中,在职-产品,Windows 桌面,18,461.78
U00065,53,华北,其他,Android,12,721.48
U00066,51,华北,其他,Android,11,566.48
U00067,25,西南,在职-数据,Android,13,390.87
U00068,50,华中,学生,Windows 桌面,7,408.77
U00069,32,华东,在职-运营,Android,9,498.89
U00070,52,华东,自由职业,Mac 桌面,19,370.15
U00071,39,西北,在职-产品,iPhone,13,359.59
U00072,39,东北,在职-数据,Windows 桌面,10,569.53
U00073,48,华北,学生,Mac 桌面,18,197.27
U00074,45,西北,学生,Windows 桌面,6,284.94
U00075,33,西南,在职-运营,Android,7,626.95
U00076,24,华北,在职-运营,Windows 桌面,11,483.82
U00077,54,西南,在职-数据,Android,9,766.18
U00078,51,西南,自由职业,iPhone,15,236.5
U00079,39,华东,其他,Android,10,418.8
U00080,40,西南,在职-产品,Android,20,632.57
U00081,48,华中,其他,iPhone,14,238.54
U00082,42,华南,在职-数据,Windows 桌面,22,20.23
U00083,38,西北,其他,Mac 桌面,14,62.97
U00084,39,华中,在职-数据,Mac 桌面,16,500.71
U00085,40,西南,在职-数据,Mac 桌面,22,606.77
U00086,21,华东,在职-产品,Mac 桌面,20,220.76
U00087,18,西北,自由职业,Mac 桌面,6,227.81
U00088,53,西南,在职-数据,Windows 桌面,18,764.88
U00089,24,华东,学生,Windows 桌面,13,442.06
U00090,45,华北,在职-数据,Windows 桌面,18,665.44
U00091,26,华中,自由职业,iPhone,21,503.11
U00092,27,西北,在职-产品,Mac 桌面,16,142.4
U00093,48,西南,学生,Windows 桌面,17,259.21
U00094,48,东北,自由职业,iPhone,19,706.61
U00095,49,华东,其他,Android,23,397.34
U00096,34,华东,在职-数据,Android,8,81.8
U00097,18,华南,其他,Android,9,73.49
U00098,40,华北,在职-产品,Windows 桌面,21,64.93
U00099,29,华北,学生,Mac 桌面,18,320.45
U00100,34,华东,自由职业,Mac 桌面,13,513.45
U00101,30,华中,其他,Android,10,438.48
U00102,32,华东,在职-数据,Mac 桌面,17,127.25
U00103,32,东北,在职-产品,Android,7,191.41
U00104,23,西北,其他,iPhone,22,41.99
U00105,37,东北,其他,Android,14,382.95
U00106,22,华东,在职-数据,Android,6,759.97
U00107,31,东北,在职-数据,Windows 桌面,22,258.36
U00108,36,东北,其他,Mac 桌面,6,15.4
U00109,18,东北,在职-产品,Mac 桌面,18,18.81
U00110,44,西北,其他,Mac 桌面,11,440.02
U00111,23,华东,在职-数据,iPhone,6,167.07
U00112,47,西南,在职-运营,iPhone,19,279.51
U00113,52,华东,自由职业,Windows 桌面,15,407.32
U00114,36,东北,在职-数据,Mac 桌面,9,170.22
U00115,37,西南,学生,Windows 桌面,15,212.52
U00116,44,华北,自由职业,Mac 桌面,7,127.89
U00117,21,华南,自由职业,Windows 桌面,11,267.59
U00118,24,华北,在职-产品,Mac 桌面,21,95.33
U00119,24,华北,在职-运营,iPhone,23,356.43
U00120,43,西北,其他,Mac 桌面,14,163.67
U00121,37,华东,学生,Mac 桌面,15,643.71
U00122,33,西北,在职-数据,Android,22,607.81
U00123,39,西北,其他,Windows 桌面,18,666.34
U00124,29,西北,在职-数据,Windows 桌面,15,288.75
U00125,18,华东,其他,Android,13,453.48
U00126,38,东北,在职-产品,Android,23,408.88
U00127,19,华北,学生,Android,21,663.67
U00128,26,东北,在职-产品,Android,8,399.67
U00129,43,西北,在职-运营,Windows 桌面,9,366.31
U00130,43,华中,自由职业,Android,7,736.66
U00131,25,华中,自由职业,Windows 桌面,15,636.0
U00132,31,西北,在职-数据,iPhone,13,493.1
U00133,32,华东,学生,iPhone,22,685.73
U00134,35,华北,学生,Windows 桌面,11,356.05
U00135,40,西北,自由职业,Android,19,77.79
U00136,40,华北,在职-数据,Android,8,776.75
U00137,32,西北,在职-产品,iPhone,21,223.98
U00138,33,西北,学生,Windows 桌面,13,616.35
U00139,23,华东,在职-产品,Android,7,210.18
U00140,30,东北,在职-数据,iPhone,17,735.53
U00141,26,西北,其他,iPhone,7,704.23
U00142,34,华中,在职-数据,iPhone,10,90.07
U00143,39,西北,在职-数据,Mac 桌面,12,695.83
U00144,51,西南,其他,Windows 桌面,21,216.05
U00145,29,西北,自由职业,Mac 桌面,20,50.63
U00146,50,西北,在职-数据,Android,18,52.13
U00147,40,西北,在职-运营,iPhone,11,29.73
U00148,49,华中,在职-运营,Mac 桌面,18,140.02
U00149,52,华东,自由职业,iPhone,6,525.29
U00150,22,东北,在职-产品,Windows 桌面,18,575.1
U00151,22,华南,在职-产品,iPhone,23,536.99
U00152,38,东北,在职-数据,Android,15,551.74
U00153,41,东北,学生,iPhone,13,698.82
U00154,38,东北,在职-运营,Mac 桌面,9,633.57
U00155,51,西北,其他,iPhone,11,229.21
U00156,45,华东,自由职业,Windows 桌面,8,365.01
U00157,40,华中,自由职业,Android,11,298.61
U00158,33,华北,其他,Android,7,256.57
U00159,41,西北,在职-产品,Mac 桌面,22,139.17
U00160,18,华中,在职-产品,Mac 桌面,11,786.81
U00161,22,东北,在职-产品,Android,18,651.38
U00162,46,东北,在职-运营,Mac 桌面,17,288.26
U00163,20,华中,学生,Windows 桌面,21,707.82
U00164,18,华北,在职-产品,Mac 桌面,21,360.61
U00165,41,西南,其他,Android,17,711.79
U00166,36,华北,自由职业,Android,13,479.03
U00167,19,西南,其他,Android,22,680.88
U00168,49,西南,在职-数据,Android,6,659.75
U00169,30,华中,学生,Mac 桌面,16,704.58
U00170,27,西南,自由职业,iPhone,21,415.66
U00171,43,西南,学生,Windows 桌面,22,747.6
U00172,34,西北,在职-数据,Android,9,547.21
U00173,22,东北,在职-产品,Mac 桌面,19,93.54
U00174,27,西北,在职-产品,Mac 桌面,19,418.5
U00175,45,东北,在职-运营,Android,6,461.62
U00176,43,西北,在职-运营,iPhone,23,180.65
U00177,46,西北,在职-运营,Android,23,667.48
U00178,27,东北,在职-数据,iPhone,15,714.55
U00179,22,西南,学生,Mac 桌面,15,115.48
U00180,38,华东,其他,Windows 桌面,11,193.47
U00181,20,华中,在职-产品,Android,13,433.57
U00182,48,华东,在职-数据,iPhone,14,12.98
U00183,54,华北,学生,Android,7,148.57
U00184,19,东北,其他,iPhone,12,53.62
U00185,51,华中,学生,Mac 桌面,15,755.9
U00186,37,西北,在职-运营,iPhone,6,558.25
U00187,21,华北,在职-产品,Mac 桌面,18,299.93
U00188,28,华北,在职-运营,Mac 桌面,15,508.18
U00189,22,西南,学生,Mac 桌面,22,781.61
U00190,54,华中,在职-产品,Windows 桌面,7,24.83
U00191,26,西北,在职-运营,Mac 桌面,11,602.33
U00192,35,东北,学生,Mac 桌面,19,550.87
U00193,36,西南,在职-产品,Mac 桌面,19,795.71
U00194,34,华中,学生,Mac 桌面,8,607.24
U00195,46,华东,在职-运营,Windows 桌面,15,434.99
U00196,34,华东,在职-数据,iPhone,16,363.75
U00197,25,西北,在职-产品,Android,6,482.89
U00198,53,华中,学生,Windows 桌面,12,247.85
U00199,22,东北,其他,Mac 桌面,16,173.24
U00200,34,华中,学生,iPhone,10,547.06
U00201,37,西南,其他,iPhone,8,748.43
U00202,54,华中,学生,Android,20,370.54
U00203,25,西北,自由职业,Mac 桌面,18,641.05
U00204,20,西南,其他,iPhone,6,202.56
U00205,26,华东,其他,Mac 桌面,14,139.13
U00206,43,华中,在职-产品,Android,22,31.85
U00207,51,西南,在职-产品,Mac 桌面,14,87.74
U00208,30,华南,学生,Android,10,385.72
U00209,30,华南,学生,Mac 桌面,6,620.59
U00210,42,东北,其他,Android,20,617.97
U00211,21,华东,在职-产品,Android,9,178.74
U00212,27,东北,其他,Mac 桌面,11,182.99
U00213,44,华中,其他,iPhone,17,81.23
U00214,20,华南,在职-数据,iPhone,19,350.48
U00215,50,华北,其他,Mac 桌面,15,16.43
U00216,48,西南,其他,Windows 桌面,20,507.87
U00217,24,华东,在职-运营,Mac 桌面,9,26.83
U00218,31,华中,自由职业,Mac 桌面,21,53.55
U00219,31,华东,在职-产品,Windows 桌面,8,379.7
U00220,20,西南,在职-数据,Android,8,96.81
U00221,29,华南,学生,Android,10,531.71
U00222,27,华中,其他,Windows 桌面,14,445.89
U00223,50,华中,学生,Android,18,465.7
U00224,52,华东,自由职业,iPhone,16,185.8
U00225,41,华南,在职-产品,Android,8,597.31
U00226,36,华中,学生,Windows 桌面,11,48.0
U00227,52,东北,学生,iPhone,9,419.65
U00228,50,华北,自由职业,iPhone,18,242.68
U00229,53,东北,在职-数据,Windows 桌面,16,736.59
U00230,36,东北,在职-运营,Android,16,150.93
U00231,29,华中,在职-运营,Mac 桌面,16,171.3
U00232,23,华南,在职-运营,iPhone,17,116.89
U00233,44,华南,自由职业,Android,14,688.95
U00234,42,华东,在职-运营,iPhone,15,452.93
U00235,20,华南,其他,Mac 桌面,8,671.82
U00236,37,华北,在职-数据,Windows 桌面,21,325.11
U00237,20,东北,在职-运营,iPhone,15,696.53
U00238,41,东北,在职-运营,iPhone,16,154.08
U00239,23,西北,在职-产品,Mac 桌面,16,359.86
U00240,49,东北,在职-数据,Android,17,383.49
U00241,30,东北,自由职业,Mac 桌面,8,516.83
U00242,39,东北,其他,Android,19,193.07
U00243,35,西南,在职-产品,Mac 桌面,19,618.48
U00244,54,华中,自由职业,iPhone,19,333.85
U00245,42,西南,学生,Android,13,618.33
U00246,40,华东,在职-产品,Windows 桌面,20,314.61
U00247,46,华中,其他,Windows 桌面,20,242.8
U00248,47,西南,自由职业,Windows 桌面,11,735.46
U00249,36,东北,在职-运营,Mac 桌面,13,308.88
U00250,40,东北,其他,Android,20,375.46
U00251,20,华东,其他,Mac 桌面,15,780.18
U00252,32,西南,自由职业,iPhone,21,201.27
U00253,34,华北,在职-产品,Windows 桌面,16,475.55
U00254,22,华南,在职-产品,Windows 桌面,10,725.77
U00255,31,西南,在职-数据,Windows 桌面,23,777.87
U00256,43,华南,在职-产品,Mac 桌面,13,222.82
U00257,22,西南,在职-运营,Android,12,614.65
U00258,33,东北,在职-数据,Windows 桌面,19,151.97
U00259,54,西北,在职-产品,Windows 桌面,14,163.57
U00260,21,华中,自由职业,Android,9,93.77
U00261,34,西北,在职-产品,Android,20,164.59
U00262,53,东北,其他,Windows 桌面,11,146.46
U00263,33,西北,在职-运营,Windows 桌面,9,196.51
U00264,54,华中,其他,Windows 桌面,21,745.99
U00265,27,华中,自由职业,Windows 桌面,14,117.07
U00266,53,西南,学生,Windows 桌面,19,99.54
U00267,21,华中,自由职业,Mac 桌面,17,2.61
U00268,53,华南,在职-产品,Mac 桌面,23,363.81
U00269,30,西南,自由职业,Windows 桌面,19,408.89
U00270,35,华中,在职-数据,Windows 桌面,6,40.79
U00271,38,华中,其他,Mac 桌面,21,476.22
U00272,32,华中,在职-运营,Mac 桌面,10,250.51
U00273,23,华南,在职-数据,iPhone,11,289.07
U00274,20,东北,学生,iPhone,21,677.74
U00275,29,华北,学生,Windows 桌面,9,101.94
U00276,50,华东,其他,Mac 桌面,9,163.91
U00277,50,西北,自由职业,iPhone,13,7.88
U00278,54,华北,自由职业,Windows 桌面,7,227.35
U00279,29,华南,在职-数据,Android,22,494.65
U00280,24,西南,在职-产品,Windows 桌面,16,672.61
U00281,21,华南,学生,Windows 桌面,10,609.88
U00282,49,华南,在职-运营,Android,16,433.37
U00283,18,华东,在职-数据,iPhone,15,456.99
U00284,41,西南,在职-产品,Mac 桌面,16,99.65
U00285,34,华南,在职-运营,Android,13,193.62
U00286,44,西南,在职-数据,Android,23,734.1
U00287,44,华北,学生,iPhone,21,191.02
U00288,19,华北,在职-运营,Mac 桌面,10,356.93
U00289,35,华南,学生,iPhone,8,326.83
U00290,44,华中,在职-运营,Android,22,591.33
U00291,33,华中,自由职业,Mac 桌面,11,18.42
U00292,24,东北,在职-产品,Android,23,705.45
U00293,31,华中,在职-运营,Windows 桌面,11,257.66
U00294,32,华中,自由职业,Mac 桌面,20,670.58
U00295,50,西南,在职-数据,Windows 桌面,16,115.61
U00296,44,华东,自由职业,Mac 桌面,10,134.71
U00297,22,华中,在职-数据,Android,11,251.37
U00298,19,华中,在职-产品,Android,11,571.95
U00299,21,华南,在职-运营,Mac 桌面,14,768.52
U00300,20,西北,自由职业,Android,21,516.38
U00301,44,华东,在职-运营,iPhone,9,311.1
U00302,49,华北,在职-产品,Mac 桌面,6,16.4
U00303,33,华中,其他,Mac 桌面,21,727.35
U00304,28,华东,在职-运营,Windows 桌面,13,278.58
U00305,18,华北,在职-产品,Windows 桌面,14,382.82
U00306,39,华南,在职-数据,Android,13,676.72
U00307,44,华中,在职-产品,iPhone,12,608.57
U00308,36,华东,其他,Android,11,73.9
U00309,38,西北,自由职业,iPhone,23,200.31
U00310,19,西南,在职-产品,Mac 桌面,19,119.22
U00311,49,华南,在职-运营,Windows 桌面,15,696.81
U00312,49,华南,在职-数据,Mac 桌面,21,249.28
U00313,30,西南,学生,Android,17,697.45
U00314,25,西南,学生,Android,20,230.59
U00315,43,华中,在职-运营,Android,17,189.0
U00316,44,东北,在职-数据,iPhone,23,53.91
U00317,53,华东,在职-产品,Android,22,427.16
U00318,44,东北,在职-运营,Windows 桌面,14,578.57
U00319,18,华南,自由职业,Android,12,196.52
U00320,43,华东,在职-产品,Android,12,613.08
U00321,24,西南,学生,iPhone,13,315.04
U00322,33,华南,学生,Mac 桌面,8,124.73
U00323,27,华南,在职-数据,Windows 桌面,23,459.09
U00324,24,华北,在职-运营,Android,10,363.96
U00325,48,西北,学生,Android,12,129.67
U00326,44,西南,学生,iPhone,22,786.29
U00327,21,华南,学生,Windows 桌面,21,368.62
U00328,36,东北,在职-运营,Mac 桌面,15,440.25
U00329,20,西北,在职-运营,Mac 桌面,8,769.68
U00330,45,西南,在职-产品,Mac 桌面,22,601.31
U00331,48,西南,在职-运营,Android,15,402.52
U00332,39,华中,在职-数据,iPhone,22,165.51
U00333,38,西南,在职-产品,Windows 桌面,9,92.43
U00334,40,华中,在职-运营,Mac 桌面,11,239.61
U00335,29,华东,在职-产品,Mac 桌面,22,158.96
U00336,24,华东,在职-数据,Mac 桌面,21,620.06
U00337,46,东北,在职-数据,Mac 桌面,18,692.16
U00338,20,东北,其他,Android,7,519.26
U00339,33,华北,在职-运营,Android,11,113.85
U00340,23,华南,在职-运营,Windows 桌面,18,389.42
U00341,24,华中,其他,Mac 桌面,10,297.25
U00342,24,华南,在职-运营,Android,7,332.64
U00343,49,华东,在职-数据,Android,22,717.63
U00344,30,华东,在职-产品,Windows 桌面,21,42.5
U00345,37,华中,在职-运营,Mac 桌面,7,62.5
U00346,22,华北,在职-产品,Mac 桌面,23,32.42
U00347,28,东北,在职-运营,iPhone,22,281.99
U00348,39,华南,在职-产品,Android,10,8.84
U00349,37,华东,在职-数据,Windows 桌面,21,47.91
U00350,23,西南,在职-数据,Windows 桌面,7,19.31
U00351,31,华中,在职-产品,Mac 桌面,21,277.54
U00352,40,华北,在职-产品,Windows 桌面,18,40.73
U00353,49,西南,自由职业,iPhone,23,706.83
U00354,31,东北,在职-运营,Mac 桌面,9,610.91
U00355,25,华东,其他,iPhone,13,798.92
U00356,39,华南,在职-运营,Windows 桌面,21,528.49
U00357,44,华中,其他,Windows 桌面,15,115.16
U00358,42,东北,在职-数据,iPhone,22,493.5
U00359,50,华北,在职-运营,Android,23,33.51
U00360,43,华北,学生,Android,9,155.59
U00361,18,西南,在职-数据,Mac 桌面,9,639.58
U00362,21,华南,在职-运营,Windows 桌面,9,792.34
U00363,26,华南,学生,iPhone,18,130.71
U00364,21,华东,在职-产品,Mac 桌面,10,629.61
U00365,40,华南,在职-运营,Android,21,739.86
U00366,39,华中,学生,iPhone,10,535.53
U00367,25,东北,在职-产品,Windows 桌面,21,680.48
U00368,50,华北,自由职业,Windows 桌面,11,505.22
U00369,33,华北,自由职业,Android,10,534.2
U00370,33,东北,其他,Windows 桌面,12,644.95
U00371,18,东北,在职-数据,Android,14,651.95
U00372,35,华中,在职-运营,Windows 桌面,18,262.52
U00373,20,西南,在职-产品,Mac 桌面,15,778.21
U00374,26,华中,学生,Windows 桌面,18,641.34
U00375,52,华北,学生,Android,20,444.01
U00376,34,东北,在职-数据,Android,19,371.48
U00377,24,华南,学生,Windows 桌面,21,330.12
U00378,53,华中,在职-运营,Windows 桌面,20,239.27
U00379,22,华南,在职-数据,Mac 桌面,18,758.79
U00380,23,西北,学生,Windows 桌面,10,740.9
U00381,19,华东,在职-运营,Mac 桌面,16,652.05
U00382,38,华南,在职-运营,Mac 桌面,13,782.69
U00383,54,华北,在职-产品,iPhone,23,246.41
U00384,29,华中,在职-运营,Mac 桌面,22,470.74
U00385,54,华中,在职-运营,Android,19,229.17
U00386,32,西南,在职-数据,Windows 桌面,12,127.35
U00387,31,华北,自由职业,Mac 桌面,23,682.56
U00388,18,华东,学生,iPhone,11,636.96
U00389,20,华东,在职-数据,Mac 桌面,10,394.12
U00390,48,华东,其他,Android,16,793.47
U00391,30,华东,在职-运营,Android,21,26.15
U00392,35,华北,在职-产品,Windows 桌面,22,532.85
U00393,34,华东,学生,Android,16,714.3
U00394,37,华北,学生,iPhone,15,797.05
U00395,46,华东,学生,iPhone,21,657.14
U00396,51,华南,在职-数据,Mac 桌面,22,659.35
U00397,30,华中,学生,Windows 桌面,17,474.7
U00398,44,西南,自由职业,iPhone,18,665.44
U00399,29,华北,在职-数据,iPhone,17,369.87
U00400,45,东北,在职-产品,Android,7,514.77
U00401,54,西北,自由职业,iPhone,7,397.13
U00402,40,华南,其他,Windows 桌面,18,25.63
U00403,46,东北,在职-产品,Android,8,555.93
U00404,28,东北,在职-运营,Windows 桌面,21,761.36
U00405,50,华北,在职-产品,Mac 桌面,16,334.38
U00406,26,华南,在职-产品,Windows 桌面,19,168.44
U00407,26,华中,在职-数据,Android,12,29.44
U00408,20,华东,自由职业,iPhone,9,118.14
U00409,49,华中,在职-数据,Android,12,578.22
U00410,45,华北,在职-产品,Windows 桌面,17,463.42
U00411,35,西北,在职-运营,Mac 桌面,10,327.9
U00412,40,西北,其他,Windows 桌面,15,749.95
U00413,29,华南,在职-运营,iPhone,13,291.37
U00414,36,华中,在职-数据,Windows 桌面,20,52.84
U00415,18,华东,在职-产品,Mac 桌面,8,149.25
U00416,44,华中,在职-运营,Mac 桌面,23,626.98
U00417,47,东北,在职-产品,Mac 桌面,7,106.32
U00418,22,华北,其他,Mac 桌面,6,526.72
U00419,37,东北,自由职业,Android,15,5.95
U00420,22,东北,在职-数据,Windows 桌面,23,332.64
U00421,38,华中,在职-产品,Android,20,33.62
U00422,37,华南,在职-数据,Mac 桌面,13,765.65
U00423,48,华南,其他,Android,17,334.3
U00424,38,东北,学生,Windows 桌面,17,569.09
U00425,43,东北,自由职业,Windows 桌面,6,269.74
U00426,43,华东,在职-运营,Android,9,168.85
U00427,18,华北,其他,Windows 桌面,20,424.7
U00428,18,西南,自由职业,Android,16,347.95
U00429,19,西北,学生,Mac 桌面,6,771.31
U00430,48,西南,自由职业,Windows 桌面,17,431.03
U00431,33,东北,在职-运营,iPhone,15,227.59
U00432,35,华东,在职-运营,iPhone,20,379.61
U00433,34,华中,在职-运营,Android,15,738.47
U00434,52,东北,自由职业,Android,21,359.42
U00435,23,华北,其他,iPhone,8,653.39
U00436,38,西北,自由职业,Windows 桌面,18,315.85
U00437,35,华东,自由职业,Android,9,32.44
U00438,39,东北,在职-运营,Android,13,317.58
U00439,27,华中,学生,iPhone,7,641.91
U00440,23,华北,自由职业,Mac 桌面,21,13.07
U00441,35,东北,其他,Windows 桌面,22,615.12
U00442,40,西北,学生,Mac 桌面,19,791.09
U00443,47,华南,自由职业,Windows 桌面,15,623.74
U00444,30,东北,在职-数据,Mac 桌面,17,448.6
U00445,26,华北,在职-数据,Android,9,11.37
U00446,41,华中,学生,Windows 桌面,7,517.47
U00447,22,华中,学生,iPhone,20,103.9
U00448,21,西北,其他,Windows 桌面,12,135.22
U00449,25,华北,其他,Windows 桌面,22,332.46
U00450,41,华中,在职-数据,Android,16,289.14
U00451,44,东北,在职-产品,Windows 桌面,6,798.31
U00452,51,西北,自由职业,iPhone,22,60.98
U00453,54,华南,学生,iPhone,11,762.87
U00454,43,华东,在职-产品,Android,12,90.7
U00455,38,华中,在职-产品,iPhone,20,400.37
U00456,30,东北,自由职业,Mac 桌面,10,408.62
U00457,20,华中,其他,Windows 桌面,8,628.4
U00458,36,华北,学生,Windows 桌面,19,141.12
U00459,39,东北,在职-数据,Windows 桌面,22,580.25
U00460,21,西南,学生,iPhone,18,129.83
U00461,36,华北,在职-数据,Android,10,382.95
U00462,19,东北,其他,Windows 桌面,20,23.83
U00463,19,东北,在职-运营,Mac 桌面,16,82.86
U00464,40,西南,在职-运营,Android,15,134.02
U00465,20,西南,其他,Mac 桌面,10,618.77
U00466,20,西北,其他,iPhone,11,780.91
U00467,30,西北,在职-数据,Mac 桌面,15,445.97
U00468,36,华中,在职-运营,Windows 桌面,13,514.02
U00469,52,华南,学生,iPhone,22,362.33
U00470,27,华东,自由职业,Windows 桌面,7,13.7
U00471,40,西北,在职-产品,Windows 桌面,11,332.43
U00472,19,东北,学生,Windows 桌面,8,689.61
U00473,46,华东,在职-数据,iPhone,12,475.72
U00474,46,西南,学生,Android,10,378.74
U00475,40,西南,自由职业,Windows 桌面,6,95.8
U00476,25,东北,学生,Windows 桌面,17,196.83
U00477,27,西南,在职-运营,Windows 桌面,20,31.15
U00478,41,华东,学生,Windows 桌面,20,531.86
U00479,20,华南,其他,Windows 桌面,7,652.55
U00480,23,华南,在职-产品,Windows 桌面,14,679.79
U00481,27,华东,自由职业,Windows 桌面,9,60.09
U00482,20,华北,其他,Windows 桌面,14,325.5
U00483,41,华东,在职-产品,Windows 桌面,22,147.82
U00484,31,华东,在职-数据,iPhone,15,290.03
U00485,44,华东,在职-产品,Windows 桌面,6,254.65
U00486,39,华东,在职-数据,Android,11,465.78
U00487,36,华东,在职-数据,iPhone,18,221.21
U00488,43,东北,自由职业,iPhone,9,649.26
U00489,19,西南,自由职业,Windows 桌面,20,725.06
U00490,47,西北,在职-产品,iPhone,12,716.26
U00491,37,东北,学生,Windows 桌面,23,735.07
U00492,48,华中,学生,Windows 桌面,18,215.24
U00493,34,华东,在职-数据,iPhone,9,75.45
U00494,31,西南,学生,iPhone,18,713.12
U00495,20,华东,在职-运营,Windows 桌面,23,324.79
U00496,49,华东,在职-产品,Android,19,472.68
U00497,20,西南,在职-数据,iPhone,6,267.25
U00498,43,华南,其他,iPhone,22,504.67
U00499,52,华东,在职-运营,Android,19,583.0
U00500,20,华南,在职-数据,Android,18,791.72
U00501,31,华东,其他,Windows 桌面,8,461.35
U00502,21,西北,在职-数据,Mac 桌面,9,438.05
U00503,18,华东,在职-运营,Android,13,490.61
U00504,50,华中,在职-数据,Windows 桌面,12,275.41
U00505,28,华中,自由职业,Mac 桌面,19,728.6
U00506,39,华北,在职-产品,Android,21,493.11
U00507,29,华东,其他,Mac 桌面,22,204.0
U00508,27,西南,在职-运营,iPhone,19,782.25
U00509,35,华中,自由职业,Android,14,597.43
U00510,34,西北,在职-数据,Android,11,651.56
U00511,30,西南,学生,Android,23,105.96
U00512,54,华东,在职-数据,Android,11,595.9
U00513,38,西北,学生,Mac 桌面,9,106.37
U00514,24,华南,在职-产品,iPhone,9,459.66
U00515,42,西北,在职-数据,iPhone,16,663.98
U00516,31,华东,在职-运营,iPhone,18,273.09
U00517,46,华中,在职-数据,Android,15,579.45
U00518,22,东北,学生,Windows 桌面,13,260.09
U00519,22,华中,在职-运营,Windows 桌面,13,354.73
U00520,43,华南,其他,Android,11,165.43
U00521,33,华北,在职-数据,Android,9,391.93
U00522,29,华北,在职-运营,iPhone,16,201.69
U00523,20,华中,在职-运营,Android,17,49.12
U00524,54,东北,学生,Mac 桌面,11,419.43
U00525,36,华南,在职-运营,iPhone,23,705.05
U00526,33,华南,在职-产品,Windows 桌面,16,141.65
U00527,54,东北,学生,Mac 桌面,14,628.56
U00528,20,西南,学生,Mac 桌面,13,278.27
U00529,21,西北,在职-数据,Mac 桌面,17,160.74
U00530,48,东北,在职-产品,Mac 桌面,21,770.81
U00531,31,华北,在职-数据,Mac 桌面,18,176.45
U00532,24,华南,学生,Android,17,516.18
U00533,54,华中,在职-数据,Android,23,87.86
U00534,21,西北,在职-产品,Windows 桌面,7,551.93
U00535,52,华北,其他,Windows 桌面,17,597.12
U00536,20,华东,学生,iPhone,9,192.98
U00537,29,华北,在职-产品,Android,15,606.19
U00538,18,西北,自由职业,Android,22,502.02
U00539,33,西南,学生,Android,14,766.9
U00540,26,华北,其他,Mac 桌面,14,454.36
U00541,29,华东,在职-运营,Android,14,149.9
U00542,32,西北,在职-产品,Mac 桌面,7,200.93
U00543,28,东北,在职-产品,Android,16,503.08
U00544,25,西北,自由职业,Windows 桌面,11,76.87
U00545,37,华中,自由职业,Android,12,712.21
U00546,52,华北,学生,Windows 桌面,13,285.5
U00547,51,东北,在职-数据,Windows 桌面,12,394.52
U00548,48,华中,自由职业,iPhone,23,551.78
U00549,31,华东,自由职业,Android,12,185.04
U00550,53,东北,学生,Android,22,373.67
U00551,54,西南,其他,iPhone,17,82.09
U00552,26,西南,在职-运营,Android,18,176.59
U00553,45,华南,在职-数据,Windows 桌面,23,77.48
U00554,37,华北,学生,Mac 桌面,14,96.22
U00555,53,华北,其他,Mac 桌面,13,714.48
U00556,49,华东,在职-产品,Android,6,489.42
U00557,34,华东,在职-产品,Android,14,35.34
U00558,37,西北,在职-产品,Android,18,525.84
U00559,49,西北,其他,iPhone,7,740.98
U00560,49,华中,在职-数据,Mac 桌面,18,709.97
U00561,26,华东,学生,Android,11,739.85
U00562,18,华北,学生,Mac 桌面,10,557.1
U00563,52,华北,在职-运营,Android,9,21.52
U00564,18,华东,其他,iPhone,19,533.84
U00565,26,华南,在职-数据,Android,9,187.38
U00566,31,华东,其他,Android,9,156.68
U00567,42,华南,在职-数据,Android,15,236.0
U00568,52,华东,其他,Mac 桌面,12,180.5
U00569,30,华南,学生,iPhone,9,580.6
U00570,53,西北,在职-数据,Windows 桌面,19,501.7
U00571,35,东北,在职-产品,Mac 桌面,13,123.14
U00572,49,华东,在职-数据,Mac 桌面,15,302.47
U00573,54,华南,在职-产品,iPhone,12,426.42
U00574,29,西北,在职-运营,iPhone,8,67.86
U00575,43,华南,在职-数据,iPhone,9,122.99
U00576,53,华东,在职-运营,Android,20,559.75
U00577,49,华南,在职-产品,Windows 桌面,15,709.11
U00578,38,华南,自由职业,Android,21,762.89
U00579,36,华中,在职-数据,Mac 桌面,23,223.34
U00580,33,华北,自由职业,Android,6,740.97
U00581,19,东北,学生,Android,20,324.65
U00582,45,华中,自由职业,Mac 桌面,6,741.8
U00583,22,东北,自由职业,iPhone,15,637.28
U00584,39,华南,学生,Android,9,589.6
U00585,30,西南,学生,Mac 桌面,6,315.69
U00586,33,西北,自由职业,Android,14,42.27
U00587,39,华南,自由职业,Android,21,639.15
U00588,32,华南,学生,iPhone,19,193.2
U00589,29,西南,学生,Windows 桌面,6,420.06
U00590,34,华东,在职-产品,Windows 桌面,14,265.66
U00591,45,华南,在职-数据,iPhone,12,342.18
U00592,26,东北,在职-数据,Android,17,642.3
U00593,24,华南,其他,iPhone,19,414.36
U00594,32,西南,在职-运营,iPhone,11,337.7
U00595,38,西北,自由职业,iPhone,19,590.19
U00596,19,华北,在职-运营,Android,13,545.07
U00597,23,东北,在职-产品,iPhone,10,26.48
U00598,54,华东,学生,iPhone,6,690.31
U00599,23,西北,学生,iPhone,12,258.0
U00600,54,东北,其他,iPhone,19,66.11
U00601,54,华南,在职-运营,iPhone,13,351.18
U00602,30,西南,其他,Windows 桌面,18,45.8
U00603,45,西北,其他,iPhone,23,575.38
U00604,36,华北,在职-产品,Mac 桌面,11,537.74
U00605,49,东北,自由职业,Windows 桌面,7,602.02
U00606,30,华北,在职-数据,iPhone,16,436.62
U00607,50,华南,自由职业,Mac 桌面,7,229.75
U00608,47,西南,学生,Android,22,140.58
U00609,51,东北,在职-产品,iPhone,11,251.29
U00610,39,华中,学生,Mac 桌面,10,373.85
U00611,33,华东,自由职业,iPhone,18,2.24
U00612,43,华北,在职-数据,Mac 桌面,12,276.28
U00613,40,华北,学生,Windows 桌面,21,579.12
U00614,29,华北,自由职业,Android,19,324.15
U00615,35,西南,学生,Android,23,330.38
U00616,33,东北,在职-产品,Android,21,792.53
U00617,30,华北,其他,iPhone,14,292.97
U00618,43,东北,在职-数据,Mac 桌面,14,583.68
U00619,30,西南,其他,iPhone,9,500.01
U00620,26,华东,在职-运营,Android,20,192.31
U00621,31,西南,自由职业,Mac 桌面,17,494.47
U00622,49,东北,学生,Android,11,100.61
U00623,20,华东,在职-产品,iPhone,21,742.51
U00624,37,东北,在职-运营,Windows 桌面,22,667.92
U00625,33,华东,自由职业,iPhone,11,209.29
U00626,25,西北,在职-产品,Android,7,437.98
U00627,31,华中,在职-运营,Android,17,412.53
U00628,34,华中,其他,Android,20,422.66
U00629,49,华东,在职-运营,Windows 桌面,18,193.78
U00630,38,西北,学生,Android,22,557.32
U00631,50,西南,其他,Windows 桌面,8,580.79
U00632,33,西南,自由职业,Windows 桌面,7,326.11
U00633,18,华南,学生,Android,14,703.56
U00634,48,东北,其他,Android,9,294.61
U00635,50,西北,自由职业,Mac 桌面,6,171.1
U00636,35,华北,在职-产品,iPhone,20,369.57
U00637,43,华东,在职-运营,Windows 桌面,18,756.36
U00638,33,西北,在职-运营,Android,12,283.74
U00639,31,东北,在职-产品,Windows 桌面,22,693.02
U00640,29,华东,在职-数据,Mac 桌面,18,630.93
U00641,37,西北,其他,Windows 桌面,20,271.94
U00642,21,西北,在职-数据,Windows 桌面,7,153.34
U00643,45,东北,其他,iPhone,23,534.93
U00644,19,华中,在职-运营,Windows 桌面,20,328.95
U00645,47,华北,在职-产品,iPhone,20,617.63
U00646,43,西北,学生,Windows 桌面,15,193.15
U00647,45,西北,自由职业,Android,16,664.33
U00648,27,华北,在职-产品,Android,10,372.55
U00649,36,东北,其他,iPhone,18,538.94
U00650,35,华北,学生,Windows 桌面,22,549.46
U00651,44,华东,在职-产品,Android,11,163.71
U00652,27,华南,在职-数据,Windows 桌面,7,155.46
U00653,41,西南,在职-产品,Windows 桌面,11,706.78
U00654,45,华东,在职-运营,Android,18,645.36
U00655,19,东北,学生,iPhone,19,75.66
U00656,22,西南,在职-运营,Mac 桌面,23,577.0
U00657,28,东北,学生,iPhone,15,485.17
U00658,19,华南,在职-数据,iPhone,20,504.7
U00659,54,华南,在职-运营,Android,12,107.77
U00660,37,西北,在职-产品,Android,7,31.37
U00661,52,华中,学生,iPhone,7,764.97
U00662,39,东北,自由职业,Mac 桌面,9,606.72
U00663,41,华北,在职-运营,iPhone,12,369.37
U00664,45,西南,在职-运营,iPhone,12,8.54
U00665,34,华南,在职-数据,iPhone,21,797.81
U00666,52,华东,自由职业,iPhone,20,267.67
U00667,52,华中,学生,Android,22,670.08
U00668,46,西南,学生,Android,11,550.72
U00669,34,华北,在职-运营,Mac 桌面,22,211.11
U00670,31,华北,自由职业,iPhone,23,768.29
U00671,54,华中,学生,Android,13,313.41
U00672,49,西南,在职-产品,Android,9,708.71
U00673,54,华东,在职-产品,iPhone,21,646.81
U00674,31,东北,自由职业,Windows 桌面,19,87.08
U00675,26,华北,在职-数据,Android,11,317.6
U00676,34,华中,在职-产品,iPhone,17,469.25
U00677,21,东北,在职-运营,Android,21,136.48
U00678,28,西北,在职-数据,Android,9,485.25
U00679,34,西南,在职-数据,iPhone,13,192.11
U00680,51,华北,在职-产品,Windows 桌面,16,334.62
U00681,48,华东,在职-产品,iPhone,16,556.33
U00682,38,东北,其他,Windows 桌面,19,104.04
U00683,47,西南,在职-运营,iPhone,15,663.67
U00684,43,西北,学生,Windows 桌面,13,190.12
U00685,25,华中,在职-运营,Mac 桌面,13,773.03
U00686,51,西北,学生,iPhone,21,93.21
U00687,30,华南,在职-运营,iPhone,17,751.08
U00688,44,华南,学生,Android,22,289.06
U00689,44,华中,自由职业,iPhone,7,654.54
U00690,50,东北,学生,Mac 桌面,16,123.19
U00691,22,华中,学生,Windows 桌面,6,752.25
U00692,37,华南,学生,Android,18,614.08
U00693,25,华北,在职-产品,Windows 桌面,11,41.64
U00694,34,华中,自由职业,Android,17,348.99
U00695,18,华东,在职-运营,Mac 桌面,8,339.58
U00696,43,西南,其他,Android,13,496.94
U00697,25,西南,在职-产品,Windows 桌面,8,599.73
U00698,45,华东,学生,Android,9,243.2
U00699,33,西南,学生,Mac 桌面,18,624.19
U00700,37,华北,在职-产品,Android,10,381.51
U00701,54,西北,自由职业,Android,9,325.97
U00702,51,华南,在职-数据,Windows 桌面,18,491.61
U00703,51,华东,学生,iPhone,22,533.62
U00704,22,华中,其他,iPhone,23,484.55
U00705,25,华东,自由职业,Windows 桌面,20,794.55
U00706,30,西南,其他,iPhone,21,642.63
U00707,39,华北,自由职业,Android,18,747.97
U00708,37,西北,在职-运营,Windows 桌面,7,466.32
U00709,52,华南,在职-运营,Mac 桌面,20,613.3
U00710,36,西南,在职-运营,Windows 桌面,18,664.23
U00711,54,西北,自由职业,Mac 桌面,11,71.72
U00712,31,西南,在职-产品,Android,9,428.21
U00713,39,华北,自由职业,Mac 桌面,12,509.42
U00714,53,西南,在职-数据,Android,7,264.28
U00715,44,华东,在职-产品,iPhone,12,617.84
U00716,20,华北,自由职业,Android,20,762.63
U00717,50,华南,学生,Android,7,671.35
U00718,33,东北,在职-数据,Windows 桌面,20,624.42
U00719,41,东北,在职-运营,Mac 桌面,20,451.13
U00720,48,华东,在职-运营,iPhone,19,792.02
U00721,31,华中,在职-数据,Mac 桌面,11,512.19
U00722,31,华中,在职-运营,iPhone,22,513.55
U00723,35,华南,其他,Android,22,247.6
U00724,33,西北,在职-数据,Android,13,260.62
U00725,49,西北,自由职业,Windows 桌面,17,520.15
U00726,26,西南,在职-数据,iPhone,19,668.78
U00727,50,华北,学生,Windows 桌面,15,768.02
U00728,34,西北,学生,Android,22,721.8
U00729,53,西南,自由职业,Mac 桌面,22,273.07
U00730,35,西南,在职-数据,Mac 桌面,7,472.41
U00731,25,华北,自由职业,Android,18,347.32
U00732,40,华北,学生,Mac 桌面,20,458.33
U00733,40,华北,在职-运营,iPhone,14,738.77
U00734,52,华南,学生,Mac 桌面,8,646.99
U00735,51,华东,其他,Android,6,613.19
U00736,34,东北,自由职业,Windows 桌面,18,457.21
U00737,36,东北,学生,Windows 桌面,20,674.65
U00738,31,东北,在职-产品,Mac 桌面,7,433.17
U00739,35,华南,自由职业,Windows 桌面,11,679.81
U00740,49,华北,其他,iPhone,13,683.71
U00741,45,东北,在职-数据,Mac 桌面,7,601.87
U00742,50,华东,学生,Mac 桌面,21,480.31
U00743,39,华中,学生,iPhone,16,93.43
U00744,30,东北,在职-运营,Android,7,60.05
U00745,31,西北,在职-数据,Windows 桌面,11,658.85
U00746,45,东北,学生,iPhone,12,756.27
U00747,35,华中,自由职业,iPhone,14,489.65
U00748,53,华北,学生,Windows 桌面,14,503.89
U00749,53,华东,其他,Windows 桌面,17,43.46
U00750,21,华中,在职-数据,Android,19,697.47
U00751,48,华中,其他,Mac 桌面,12,501.58
U00752,43,华东,其他,Windows 桌面,18,176.41
U00753,25,华北,在职-产品,iPhone,10,716.57
U00754,30,华中,在职-运营,Windows 桌面,19,312.59
U00755,49,华东,其他,Mac 桌面,23,708.35
U00756,44,西北,在职-运营,Mac 桌面,9,537.11
U00757,38,西南,在职-数据,Windows 桌面,23,15.57
U00758,32,东北,学生,Mac 桌面,11,579.99
U00759,41,东北,在职-运营,Mac 桌面,13,738.47
U00760,45,华南,自由职业,iPhone,21,615.29
U00761,33,华北,学生,Mac 桌面,8,749.26
U00762,34,西北,自由职业,Windows 桌面,14,53.73
U00763,52,华南,在职-数据,Android,12,363.09
U00764,35,华东,在职-数据,Windows 桌面,17,286.3
U00765,36,华南,在职-数据,Windows 桌面,21,732.66
U00766,39,华中,学生,Mac 桌面,22,435.75
U00767,32,华东,在职-运营,iPhone,6,163.93
U00768,19,华南,其他,iPhone,13,62.88
U00769,39,华南,学生,Mac 桌面,7,90.1
U00770,26,东北,在职-运营,Android,14,660.13
U00771,30,西北,在职-产品,Android,11,374.18
U00772,47,西南,自由职业,Windows 桌面,20,300.78
U00773,32,华南,在职-数据,Mac 桌面,23,59.47
U00774,24,西北,自由职业,Windows 桌面,16,245.68
U00775,19,西南,学生,Android,21,691.65
U00776,27,华北,学生,Android,17,691.3
U00777,34,华北,自由职业,iPhone,12,778.46
U00778,21,华东,在职-运营,Windows 桌面,8,227.81
U00779,53,华东,在职-数据,Mac 桌面,14,163.91
U00780,30,华北,学生,Mac 桌面,23,376.32
U00781,38,华东,在职-数据,Mac 桌面,21,592.73
U00782,18,华中,其他,Android,9,732.14
U00783,25,华东,学生,Android,21,511.25
U00784,38,华中,自由职业,Android,16,81.87
U00785,38,华南,在职-产品,Mac 桌面,23,137.3
U00786,52,西南,在职-产品,Mac 桌面,13,627.52
U00787,22,西北,自由职业,Mac 桌面,14,187.09
U00788,25,华中,在职-数据,Android,16,701.31
U00789,33,东北,自由职业,Android,12,434.81
U00790,41,华北,在职-运营,iPhone,22,270.78
U00791,25,西南,在职-运营,iPhone,12,394.26
U00792,19,西北,自由职业,Mac 桌面,18,322.23
U00793,40,华东,在职-运营,Mac 桌面,11,560.09
U00794,54,华中,在职-运营,Android,6,720.25
U00795,46,西南,在职-数据,iPhone,23,292.07
U00796,32,华东,在职-运营,Android,15,67.48
U00797,20,东北,在职-数据,Android,10,179.13
U00798,46,华北,在职-产品,Android,18,68.95
U00799,25,华中,其他,Windows 桌面,7,11.87
U00800,18,华北,自由职业,Mac 桌面,17,749.65
