review_id,course_id,rating,text,label
R00001,5,5,推荐给朋友，老师讲得很细。,好评
R00002,5,5,练习题丰富，练习题丰富。,好评
R00003,10,5,老师讲得很细，课程内容很清晰。,好评
R00004,9,5,老师讲得很细，Python 入门好课。,好评
R00005,5,5,有收获，有收获。,好评
R00006,10,5,练习题丰富，代码可直接跑。,好评
R00007,2,5,Python 入门好课，练习题丰富。,好评
R00008,9,5,代码可直接跑，有收获。,好评
R00009,3,5,推荐给朋友，课程内容很清晰。,好评
R00010,1,5,课程内容很清晰，推荐给朋友。,好评
R00011,1,3,还可以，学完有基础。,中性
R00012,7,5,老师讲得很细，案例贴近实战。,好评
R00013,10,5,练习题丰富，推荐给朋友。,好评
R00014,6,5,有收获，代码可直接跑。,好评
R00015,8,3,一般般，还可以。,中性
R00016,8,3,一般般，还可以。,中性
R00017,5,3,还可以，学完有基础。,中性
R00018,8,1,进度条不准，进度条不准。,差评
R00019,4,5,推荐给朋友，Python 入门好课。,好评
R00020,6,5,练习题丰富，代码可直接跑。,好评
R00021,6,5,案例贴近实战，练习题丰富。,好评
R00022,8,3,内容中等，学完有基础。,中性
R00023,8,1,节奏太快，节奏太快。,差评
R00024,8,1,节奏太快，讲解不细致。,差评
R00025,5,5,推荐给朋友，练习题丰富。,好评
R00026,9,3,内容中等，一般般。,中性
R00027,2,5,老师讲得很细，案例贴近实战。,好评
R00028,5,5,有收获，老师讲得很细。,好评
R00029,10,5,推荐给朋友，案例贴近实战。,好评
R00030,10,1,代码有 bug，练习题太难。,差评
R00031,8,5,Python 入门好课，练习题丰富。,好评
R00032,6,3,学完有基础，还可以。,中性
R00033,7,5,Python 入门好课，案例贴近实战。,好评
R00034,6,1,视频质量一般，字幕有错。,差评
R00035,2,5,Python 入门好课，练习题丰富。,好评
R00036,10,5,推荐给朋友，老师讲得很细。,好评
R00037,9,3,学完有基础，内容中等。,中性
R00038,3,3,还可以，学完有基础。,中性
R00039,2,1,讲解不细致，代码有 bug。,差评
R00040,6,3,还可以，学完有基础。,中性
R00041,1,1,代码有 bug，进度条不准。,差评
R00042,3,5,老师讲得很细，Python 入门好课。,好评
R00043,1,1,视频质量一般，字幕有错。,差评
R00044,8,5,练习题丰富，练习题丰富。,好评
R00045,10,5,代码可直接跑，案例贴近实战。,好评
R00046,4,5,推荐给朋友，Python 入门好课。,好评
R00047,5,1,进度条不准，讲解不细致。,差评
R00048,5,1,视频质量一般，字幕有错。,差评
R00049,2,5,案例贴近实战，有收获。,好评
R00050,10,1,视频质量一般，节奏太快。,差评
R00051,5,3,学完有基础，一般般。,中性
R00052,9,5,课程内容很清晰，有收获。,好评
R00053,9,5,课程内容很清晰，课程内容很清晰。,好评
R00054,5,3,内容中等，还可以。,中性
R00055,7,5,课程内容很清晰，Python 入门好课。,好评
R00056,7,1,进度条不准，视频质量一般。,差评
R00057,7,5,有收获，案例贴近实战。,好评
R00058,9,5,案例贴近实战，案例贴近实战。,好评
R00059,3,1,练习题太难，进度条不准。,差评
R00060,4,1,代码有 bug，练习题太难。,差评
R00061,7,3,学完有基础，内容中等。,中性
R00062,3,3,一般般，内容中等。,中性
R00063,2,3,一般般，还可以。,中性
R00064,3,1,进度条不准，节奏太快。,差评
R00065,3,5,推荐给朋友，案例贴近实战。,好评
R00066,7,5,老师讲得很细，练习题丰富。,好评
R00067,10,5,推荐给朋友，案例贴近实战。,好评
R00068,9,3,一般般，学完有基础。,中性
R00069,7,5,案例贴近实战，推荐给朋友。,好评
R00070,3,1,讲解不细致，练习题太难。,差评
R00071,10,5,案例贴近实战，课程内容很清晰。,好评
R00072,9,3,学完有基础，一般般。,中性
R00073,9,3,内容中等，学完有基础。,中性
R00074,1,5,有收获，课程内容很清晰。,好评
R00075,2,3,学完有基础，内容中等。,中性
R00076,3,5,推荐给朋友，老师讲得很细。,好评
R00077,9,5,代码可直接跑，推荐给朋友。,好评
R00078,4,3,还可以，还可以。,中性
R00079,9,5,推荐给朋友，老师讲得很细。,好评
R00080,6,3,内容中等，还可以。,中性
R00081,8,5,课程内容很清晰，推荐给朋友。,好评
R00082,7,5,推荐给朋友，有收获。,好评
R00083,5,3,内容中等，内容中等。,中性
R00084,10,5,练习题丰富，课程内容很清晰。,好评
R00085,1,3,内容中等，内容中等。,中性
R00086,10,3,学完有基础，一般般。,中性
R00087,10,5,课程内容很清晰，代码可直接跑。,好评
R00088,8,5,课程内容很清晰，代码可直接跑。,好评
R00089,9,5,老师讲得很细，练习题丰富。,好评
R00090,5,5,老师讲得很细，代码可直接跑。,好评
R00091,5,5,练习题丰富，代码可直接跑。,好评
R00092,2,5,代码可直接跑，课程内容很清晰。,好评
R00093,8,5,练习题丰富，练习题丰富。,好评
R00094,5,5,有收获，练习题丰富。,好评
R00095,3,3,一般般，学完有基础。,中性
R00096,2,3,还可以，内容中等。,中性
R00097,3,1,练习题太难，视频质量一般。,差评
R00098,7,5,推荐给朋友，案例贴近实战。,好评
R00099,3,3,一般般，学完有基础。,中性
R00100,1,5,Python 入门好课，有收获。,好评
R00101,2,1,进度条不准，讲解不细致。,差评
R00102,8,3,还可以，一般般。,中性
R00103,5,5,案例贴近实战，推荐给朋友。,好评
R00104,9,1,代码有 bug，进度条不准。,差评
R00105,7,3,一般般，学完有基础。,中性
R00106,3,3,学完有基础，内容中等。,中性
R00107,7,1,视频质量一般，字幕有错。,差评
R00108,8,5,课程内容很清晰，代码可直接跑。,好评
R00109,9,5,案例贴近实战，有收获。,好评
R00110,9,5,课程内容很清晰，老师讲得很细。,好评
R00111,10,3,内容中等，学完有基础。,中性
R00112,5,5,代码可直接跑，有收获。,好评
R00113,5,3,内容中等，还可以。,中性
R00114,4,5,案例贴近实战，推荐给朋友。,好评
R00115,3,5,Python 入门好课，有收获。,好评
R00116,1,5,有收获，课程内容很清晰。,好评
R00117,1,1,字幕有错，节奏太快。,差评
R00118,9,5,案例贴近实战，老师讲得很细。,好评
R00119,6,5,老师讲得很细，推荐给朋友。,好评
R00120,5,5,Python 入门好课，代码可直接跑。,好评
R00121,1,5,Python 入门好课，课程内容很清晰。,好评
R00122,10,5,老师讲得很细，课程内容很清晰。,好评
R00123,2,3,一般般，还可以。,中性
R00124,7,5,老师讲得很细，练习题丰富。,好评
R00125,3,5,练习题丰富，老师讲得很细。,好评
R00126,8,3,内容中等，内容中等。,中性
R00127,5,3,还可以，学完有基础。,中性
R00128,6,1,字幕有错，代码有 bug。,差评
R00129,2,5,代码可直接跑，练习题丰富。,好评
R00130,7,3,内容中等，还可以。,中性
R00131,1,3,学完有基础，内容中等。,中性
R00132,3,3,内容中等，内容中等。,中性
R00133,8,5,推荐给朋友，老师讲得很细。,好评
R00134,7,1,练习题太难，视频质量一般。,差评
R00135,8,1,练习题太难，进度条不准。,差评
R00136,9,5,老师讲得很细，练习题丰富。,好评
R00137,10,5,案例贴近实战，Python 入门好课。,好评
R00138,5,3,还可以，学完有基础。,中性
R00139,2,1,节奏太快，节奏太快。,差评
R00140,8,5,老师讲得很细，代码可直接跑。,好评
R00141,3,1,节奏太快，代码有 bug。,差评
R00142,7,5,课程内容很清晰，课程内容很清晰。,好评
R00143,6,5,代码可直接跑，练习题丰富。,好评
R00144,9,3,学完有基础，还可以。,中性
R00145,7,5,推荐给朋友，推荐给朋友。,好评
R00146,9,5,案例贴近实战，老师讲得很细。,好评
R00147,7,3,一般般，还可以。,中性
R00148,10,5,推荐给朋友，老师讲得很细。,好评
R00149,5,5,有收获，有收获。,好评
R00150,2,3,学完有基础，还可以。,中性
R00151,6,1,讲解不细致，视频质量一般。,差评
R00152,8,1,节奏太快，字幕有错。,差评
R00153,3,3,内容中等，一般般。,中性
R00154,4,5,课程内容很清晰，案例贴近实战。,好评
R00155,7,1,讲解不细致，进度条不准。,差评
R00156,8,5,老师讲得很细，有收获。,好评
R00157,4,3,还可以，学完有基础。,中性
R00158,4,5,练习题丰富，课程内容很清晰。,好评
R00159,10,1,节奏太快，进度条不准。,差评
R00160,7,5,Python 入门好课，推荐给朋友。,好评
R00161,8,5,老师讲得很细，代码可直接跑。,好评
R00162,1,3,学完有基础，还可以。,中性
R00163,6,1,讲解不细致，节奏太快。,差评
R00164,1,1,字幕有错，进度条不准。,差评
R00165,4,5,案例贴近实战，老师讲得很细。,好评
R00166,10,5,推荐给朋友，练习题丰富。,好评
R00167,1,1,练习题太难，节奏太快。,差评
R00168,1,3,一般般，学完有基础。,中性
R00169,1,1,代码有 bug，视频质量一般。,差评
R00170,1,3,一般般，一般般。,中性
R00171,5,3,一般般，还可以。,中性
R00172,2,1,字幕有错，字幕有错。,差评
R00173,3,1,代码有 bug，视频质量一般。,差评
R00174,2,3,还可以，还可以。,中性
R00175,10,1,代码有 bug，视频质量一般。,差评
R00176,4,3,一般般，还可以。,中性
R00177,7,1,代码有 bug，讲解不细致。,差评
R00178,10,1,讲解不细致，节奏太快。,差评
R00179,4,5,练习题丰富，有收获。,好评
R00180,6,5,课程内容很清晰，练习题丰富。,好评
R00181,5,3,还可以，还可以。,中性
R00182,7,1,练习题太难，字幕有错。,差评
R00183,6,1,练习题太难，进度条不准。,差评
R00184,4,3,一般般，学完有基础。,中性
R00185,3,1,视频质量一般，节奏太快。,差评
R00186,3,5,老师讲得很细，案例贴近实战。,好评
R00187,2,3,还可以，学完有基础。,中性
R00188,3,1,节奏太快，节奏太快。,差评
R00189,7,5,老师讲得很细，代码可直接跑。,好评
R00190,4,5,推荐给朋友，练习题丰富。,好评
R00191,9,5,练习题丰富，代码可直接跑。,好评
R00192,4,5,推荐给朋友，案例贴近实战。,好评
R00193,10,5,练习题丰富，课程内容很清晰。,好评
R00194,10,5,练习题丰富，推荐给朋友。,好评
R00195,6,5,老师讲得很细，代码可直接跑。,好评
R00196,9,5,案例贴近实战，课程内容很清晰。,好评
R00197,2,5,Python 入门好课，Python 入门好课。,好评
R00198,10,1,视频质量一般，节奏太快。,差评
R00199,8,3,内容中等，一般般。,中性
R00200,4,1,字幕有错，进度条不准。,差评
R00201,4,5,代码可直接跑，课程内容很清晰。,好评
R00202,8,5,老师讲得很细，练习题丰富。,好评
R00203,3,5,推荐给朋友，练习题丰富。,好评
R00204,6,5,课程内容很清晰，课程内容很清晰。,好评
R00205,7,5,代码可直接跑，Python 入门好课。,好评
R00206,10,5,代码可直接跑，有收获。,好评
R00207,2,5,推荐给朋友，课程内容很清晰。,好评
R00208,3,3,还可以，一般般。,中性
R00209,9,5,课程内容很清晰，推荐给朋友。,好评
R00210,4,5,老师讲得很细，老师讲得很细。,好评
R00211,7,3,学完有基础，内容中等。,中性
R00212,4,5,Python 入门好课，有收获。,好评
R00213,4,5,老师讲得很细，有收获。,好评
R00214,7,1,节奏太快，练习题太难。,差评
R00215,7,1,字幕有错，练习题太难。,差评
R00216,8,1,练习题太难，节奏太快。,差评
R00217,7,5,推荐给朋友，课程内容很清晰。,好评
R00218,10,5,练习题丰富，Python 入门好课。,好评
R00219,7,5,推荐给朋友，练习题丰富。,好评
R00220,8,5,有收获，练习题丰富。,好评
R00221,5,3,一般般，内容中等。,中性
R00222,3,1,练习题太难，讲解不细致。,差评
R00223,5,5,课程内容很清晰，课程内容很清晰。,好评
R00224,8,1,练习题太难，节奏太快。,差评
R00225,3,5,推荐给朋友，案例贴近实战。,好评
R00226,5,3,内容中等，一般般。,中性
R00227,10,5,练习题丰富，练习题丰富。,好评
R00228,7,5,Python 入门好课，老师讲得很细。,好评
R00229,10,5,推荐给朋友，Python 入门好课。,好评
R00230,8,1,代码有 bug，字幕有错。,差评
R00231,7,1,讲解不细致，节奏太快。,差评
R00232,6,5,Python 入门好课，Python 入门好课。,好评
R00233,10,5,案例贴近实战，Python 入门好课。,好评
R00234,7,5,练习题丰富，课程内容很清晰。,好评
R00235,8,5,课程内容很清晰，课程内容很清晰。,好评
R00236,9,3,还可以，学完有基础。,中性
R00237,2,5,案例贴近实战，推荐给朋友。,好评
R00238,4,5,推荐给朋友，推荐给朋友。,好评
R00239,1,1,节奏太快，视频质量一般。,差评
R00240,3,5,案例贴近实战，Python 入门好课。,好评
R00241,4,1,讲解不细致，讲解不细致。,差评
R00242,8,3,还可以，还可以。,中性
R00243,8,5,代码可直接跑，练习题丰富。,好评
R00244,8,3,还可以，学完有基础。,中性
R00245,7,1,字幕有错，练习题太难。,差评
R00246,8,5,练习题丰富，有收获。,好评
R00247,7,5,课程内容很清晰，老师讲得很细。,好评
R00248,5,5,有收获，课程内容很清晰。,好评
R00249,5,1,代码有 bug，字幕有错。,差评
R00250,10,3,一般般，还可以。,中性
R00251,9,3,内容中等，还可以。,中性
R00252,2,3,内容中等，还可以。,中性
R00253,8,3,学完有基础，内容中等。,中性
R00254,6,1,视频质量一般，节奏太快。,差评
R00255,9,5,有收获，练习题丰富。,好评
R00256,3,5,老师讲得很细，Python 入门好课。,好评
R00257,9,5,有收获，Python 入门好课。,好评
R00258,8,1,节奏太快，进度条不准。,差评
R00259,6,5,Python 入门好课，Python 入门好课。,好评
R00260,9,5,有收获，代码可直接跑。,好评
R00261,1,5,案例贴近实战，代码可直接跑。,好评
R00262,6,5,老师讲得很细，有收获。,好评
R00263,9,1,代码有 bug，代码有 bug。,差评
R00264,9,5,老师讲得很细，推荐给朋友。,好评
R00265,9,1,进度条不准，字幕有错。,差评
R00266,10,5,代码可直接跑，推荐给朋友。,好评
R00267,2,1,讲解不细致，字幕有错。,差评
R00268,2,5,Python 入门好课，推荐给朋友。,好评
R00269,3,5,老师讲得很细，案例贴近实战。,好评
R00270,2,1,讲解不细致，节奏太快。,差评
R00271,2,5,练习题丰富，代码可直接跑。,好评
R00272,3,5,练习题丰富，推荐给朋友。,好评
R00273,5,5,Python 入门好课，课程内容很清晰。,好评
R00274,8,5,案例贴近实战，练习题丰富。,好评
R00275,8,5,有收获，案例贴近实战。,好评
R00276,4,5,课程内容很清晰，代码可直接跑。,好评
R00277,4,1,节奏太快，节奏太快。,差评
R00278,10,3,内容中等，学完有基础。,中性
R00279,8,5,有收获，有收获。,好评
R00280,5,3,学完有基础，学完有基础。,中性
R00281,3,5,练习题丰富，代码可直接跑。,好评
R00282,4,1,字幕有错，讲解不细致。,差评
R00283,5,1,代码有 bug，讲解不细致。,差评
R00284,1,1,字幕有错，字幕有错。,差评
R00285,5,5,练习题丰富，有收获。,好评
R00286,10,5,推荐给朋友，练习题丰富。,好评
R00287,3,5,练习题丰富，代码可直接跑。,好评
R00288,3,5,练习题丰富，练习题丰富。,好评
R00289,1,5,Python 入门好课，老师讲得很细。,好评
R00290,8,5,有收获，练习题丰富。,好评
R00291,3,5,代码可直接跑，有收获。,好评
R00292,6,5,Python 入门好课，课程内容很清晰。,好评
R00293,6,1,讲解不细致，练习题太难。,差评
R00294,9,3,学完有基础，一般般。,中性
R00295,1,3,内容中等，还可以。,中性
R00296,3,5,案例贴近实战，推荐给朋友。,好评
R00297,3,1,代码有 bug，讲解不细致。,差评
R00298,5,3,还可以，内容中等。,中性
R00299,10,5,推荐给朋友，代码可直接跑。,好评
R00300,6,5,练习题丰富，推荐给朋友。,好评
R00301,1,3,还可以，学完有基础。,中性
R00302,5,5,练习题丰富，老师讲得很细。,好评
R00303,10,5,课程内容很清晰，案例贴近实战。,好评
R00304,6,5,Python 入门好课，推荐给朋友。,好评
R00305,1,5,老师讲得很细，有收获。,好评
R00306,5,3,一般般，一般般。,中性
R00307,2,1,练习题太难，节奏太快。,差评
R00308,9,5,推荐给朋友，老师讲得很细。,好评
R00309,8,5,案例贴近实战，Python 入门好课。,好评
R00310,10,1,讲解不细致，视频质量一般。,差评
R00311,6,1,视频质量一般，节奏太快。,差评
R00312,7,5,案例贴近实战，练习题丰富。,好评
R00313,6,3,内容中等，学完有基础。,中性
R00314,6,5,课程内容很清晰，代码可直接跑。,好评
R00315,8,5,有收获，代码可直接跑。,好评
R00316,2,1,字幕有错，视频质量一般。,差评
R00317,7,5,Python 入门好课，推荐给朋友。,好评
R00318,3,3,学完有基础，内容中等。,中性
R00319,7,1,字幕有错，进度条不准。,差评
R00320,10,3,学完有基础，一般般。,中性
R00321,4,5,老师讲得很细，练习题丰富。,好评
R00322,9,5,代码可直接跑，推荐给朋友。,好评
R00323,10,5,有收获，老师讲得很细。,好评
R00324,1,5,案例贴近实战，老师讲得很细。,好评
R00325,5,1,代码有 bug，进度条不准。,差评
R00326,9,3,学完有基础，一般般。,中性
R00327,10,1,代码有 bug，进度条不准。,差评
R00328,3,3,一般般，一般般。,中性
R00329,5,1,字幕有错，代码有 bug。,差评
R00330,5,5,推荐给朋友，课程内容很清晰。,好评
R00331,9,5,代码可直接跑，推荐给朋友。,好评
R00332,4,1,进度条不准，代码有 bug。,差评
R00333,3,5,课程内容很清晰，课程内容很清晰。,好评
R00334,8,5,代码可直接跑，代码可直接跑。,好评
R00335,7,5,老师讲得很细，代码可直接跑。,好评
R00336,4,3,一般般，学完有基础。,中性
R00337,5,5,课程内容很清晰，老师讲得很细。,好评
R00338,10,3,学完有基础，还可以。,中性
R00339,10,3,内容中等，学完有基础。,中性
R00340,8,5,案例贴近实战，代码可直接跑。,好评
R00341,9,5,老师讲得很细，有收获。,好评
R00342,3,5,课程内容很清晰，代码可直接跑。,好评
R00343,3,1,视频质量一般，节奏太快。,差评
R00344,3,1,讲解不细致，代码有 bug。,差评
R00345,1,3,内容中等，一般般。,中性
R00346,7,1,讲解不细致，讲解不细致。,差评
R00347,5,5,有收获，课程内容很清晰。,好评
R00348,9,5,代码可直接跑，老师讲得很细。,好评
R00349,3,1,练习题太难，字幕有错。,差评
R00350,9,5,老师讲得很细，练习题丰富。,好评
R00351,5,5,有收获，有收获。,好评
R00352,2,5,代码可直接跑，有收获。,好评
R00353,1,5,有收获，练习题丰富。,好评
R00354,6,5,练习题丰富，代码可直接跑。,好评
R00355,6,5,推荐给朋友，案例贴近实战。,好评
R00356,4,5,练习题丰富，老师讲得很细。,好评
R00357,4,5,练习题丰富，Python 入门好课。,好评
R00358,10,1,字幕有错，视频质量一般。,差评
R00359,8,3,还可以，学完有基础。,中性
R00360,3,5,老师讲得很细，老师讲得很细。,好评
R00361,6,3,还可以，学完有基础。,中性
R00362,3,5,代码可直接跑，有收获。,好评
R00363,3,5,推荐给朋友，有收获。,好评
R00364,2,3,内容中等，还可以。,中性
R00365,3,1,练习题太难，练习题太难。,差评
R00366,3,3,一般般，内容中等。,中性
R00367,2,5,Python 入门好课，练习题丰富。,好评
R00368,2,5,案例贴近实战，老师讲得很细。,好评
R00369,7,3,还可以，学完有基础。,中性
R00370,2,5,课程内容很清晰，Python 入门好课。,好评
R00371,8,5,课程内容很清晰，课程内容很清晰。,好评
R00372,1,1,节奏太快，讲解不细致。,差评
R00373,1,3,还可以，内容中等。,中性
R00374,10,3,还可以，还可以。,中性
R00375,3,5,Python 入门好课，Python 入门好课。,好评
R00376,2,3,内容中等，还可以。,中性
R00377,10,5,练习题丰富，代码可直接跑。,好评
R00378,3,5,有收获，有收获。,好评
R00379,10,1,字幕有错，视频质量一般。,差评
R00380,2,5,Python 入门好课，老师讲得很细。,好评
R00381,4,5,课程内容很清晰，Python 入门好课。,好评
R00382,9,1,讲解不细致，练习题太难。,差评
R00383,4,5,课程内容很清晰，老师讲得很细。,好评
R00384,10,5,推荐给朋友，有收获。,好评
R00385,2,5,练习题丰富，推荐给朋友。,好评
R00386,7,5,练习题丰富，有收获。,好评
R00387,9,5,案例贴近实战，Python 入门好课。,好评
R00388,2,3,一般般，学完有基础。,中性
R00389,8,3,内容中等，还可以。,中性
R00390,8,5,老师讲得很细，练习题丰富。,好评
R00391,9,3,内容中等，内容中等。,中性
R00392,6,5,课程内容很清晰，老师讲得很细。,好评
R00393,7,5,推荐给朋友，老师讲得很细。,好评
R00394,10,3,内容中等，学完有基础。,中性
R00395,4,5,代码可直接跑，推荐给朋友。,好评
R00396,7,3,学完有基础，内容中等。,中性
R00397,8,5,Python 入门好课，老师讲得很细。,好评
R00398,1,3,内容中等，一般般。,中性
R00399,7,5,推荐给朋友，老师讲得很细。,好评
R00400,2,5,推荐给朋友，老师讲得很细。,好评
R00401,7,5,练习题丰富，案例贴近实战。,好评
R00402,2,1,进度条不准，视频质量一般。,差评
R00403,6,5,练习题丰富，老师讲得很细。,好评
R00404,4,3,一般般，内容中等。,中性
R00405,4,5,案例贴近实战，老师讲得很细。,好评
R00406,5,5,案例贴近实战，推荐给朋友。,好评
R00407,6,5,代码可直接跑，案例贴近实战。,好评
R00408,10,1,代码有 bug，进度条不准。,差评
R00409,9,3,学完有基础，学完有基础。,中性
R00410,8,5,代码可直接跑，练习题丰富。,好评
R00411,5,1,节奏太快，节奏太快。,差评
R00412,4,5,推荐给朋友，推荐给朋友。,好评
R00413,1,1,进度条不准，练习题太难。,差评
R00414,2,3,还可以，还可以。,中性
R00415,3,5,推荐给朋友，课程内容很清晰。,好评
R00416,3,5,案例贴近实战，有收获。,好评
R00417,2,3,内容中等，还可以。,中性
R00418,4,3,学完有基础，学完有基础。,中性
R00419,8,1,讲解不细致，进度条不准。,差评
R00420,9,5,推荐给朋友，代码可直接跑。,好评
R00421,1,5,有收获，课程内容很清晰。,好评
R00422,7,5,案例贴近实战，老师讲得很细。,好评
R00423,7,3,学完有基础，内容中等。,中性
R00424,1,1,代码有 bug，代码有 bug。,差评
R00425,9,5,课程内容很清晰，练习题丰富。,好评
R00426,8,5,代码可直接跑，练习题丰富。,好评
R00427,5,5,案例贴近实战，练习题丰富。,好评
R00428,2,5,案例贴近实战，推荐给朋友。,好评
R00429,8,5,推荐给朋友，推荐给朋友。,好评
R00430,7,5,练习题丰富，课程内容很清晰。,好评
R00431,10,5,代码可直接跑，推荐给朋友。,好评
R00432,5,5,案例贴近实战，有收获。,好评
R00433,1,5,有收获，课程内容很清晰。,好评
R00434,6,5,课程内容很清晰，练习题丰富。,好评
R00435,6,5,有收获，课程内容很清晰。,好评
R00436,7,5,案例贴近实战，老师讲得很细。,好评
R00437,7,5,有收获，有收获。,好评
R00438,4,5,有收获，课程内容很清晰。,好评
R00439,5,5,Python 入门好课，Python 入门好课。,好评
R00440,5,3,还可以，还可以。,中性
R00441,3,3,还可以，内容中等。,中性
R00442,6,1,节奏太快，视频质量一般。,差评
R00443,7,5,课程内容很清晰，推荐给朋友。,好评
R00444,1,3,学完有基础，内容中等。,中性
R00445,10,1,进度条不准，代码有 bug。,差评
R00446,7,5,课程内容很清晰，有收获。,好评
R00447,10,5,案例贴近实战，有收获。,好评
R00448,2,3,还可以，学完有基础。,中性
R00449,8,5,Python 入门好课，有收获。,好评
R00450,10,5,有收获，练习题丰富。,好评
R00451,7,1,讲解不细致，讲解不细致。,差评
R00452,2,3,一般般，学完有基础。,中性
R00453,5,5,Python 入门好课，代码可直接跑。,好评
R00454,10,5,课程内容很清晰，代码可直接跑。,好评
R00455,10,5,案例贴近实战，Python 入门好课。,好评
R00456,10,1,进度条不准，节奏太快。,差评
R00457,5,5,老师讲得很细，有收获。,好评
R00458,7,5,老师讲得很细，推荐给朋友。,好评
R00459,2,3,一般般，内容中等。,中性
R00460,7,5,代码可直接跑，代码可直接跑。,好评
R00461,6,1,进度条不准，视频质量一般。,差评
R00462,7,5,Python 入门好课，案例贴近实战。,好评
R00463,9,5,代码可直接跑，推荐给朋友。,好评
R00464,9,1,练习题太难，节奏太快。,差评
R00465,4,5,练习题丰富，推荐给朋友。,好评
R00466,9,5,推荐给朋友，代码可直接跑。,好评
R00467,9,5,案例贴近实战，课程内容很清晰。,好评
R00468,8,1,练习题太难，讲解不细致。,差评
R00469,3,3,一般般，一般般。,中性
R00470,7,3,内容中等，学完有基础。,中性
R00471,4,5,有收获，老师讲得很细。,好评
R00472,5,5,案例贴近实战，代码可直接跑。,好评
R00473,10,5,练习题丰富，代码可直接跑。,好评
R00474,4,3,一般般，学完有基础。,中性
R00475,4,5,老师讲得很细，练习题丰富。,好评
R00476,5,3,还可以，一般般。,中性
R00477,9,5,推荐给朋友，推荐给朋友。,好评
R00478,1,3,学完有基础，学完有基础。,中性
R00479,5,3,一般般，一般般。,中性
R00480,5,3,一般般，还可以。,中性
R00481,1,5,代码可直接跑，练习题丰富。,好评
R00482,1,5,推荐给朋友，课程内容很清晰。,好评
R00483,10,5,老师讲得很细，有收获。,好评
R00484,7,5,代码可直接跑，老师讲得很细。,好评
R00485,7,5,有收获，老师讲得很细。,好评
R00486,2,5,练习题丰富，Python 入门好课。,好评
R00487,8,5,老师讲得很细，代码可直接跑。,好评
R00488,10,1,节奏太快，练习题太难。,差评
R00489,6,1,节奏太快，字幕有错。,差评
R00490,4,5,有收获，案例贴近实战。,好评
R00491,3,3,学完有基础，一般般。,中性
R00492,4,5,老师讲得很细，练习题丰富。,好评
R00493,7,5,代码可直接跑，推荐给朋友。,好评
R00494,8,5,代码可直接跑，课程内容很清晰。,好评
R00495,6,3,内容中等，还可以。,中性
R00496,4,5,案例贴近实战，推荐给朋友。,好评
R00497,6,5,代码可直接跑，练习题丰富。,好评
R00498,6,1,代码有 bug，进度条不准。,差评
R00499,10,5,代码可直接跑，课程内容很清晰。,好评
R00500,1,1,节奏太快，字幕有错。,差评
R00501,9,3,一般般，内容中等。,中性
R00502,6,3,学完有基础，内容中等。,中性
R00503,8,5,老师讲得很细，Python 入门好课。,好评
R00504,7,5,案例贴近实战，课程内容很清晰。,好评
R00505,2,5,代码可直接跑，代码可直接跑。,好评
R00506,4,5,Python 入门好课，代码可直接跑。,好评
R00507,6,5,练习题丰富，推荐给朋友。,好评
R00508,5,5,案例贴近实战，课程内容很清晰。,好评
R00509,8,3,还可以，学完有基础。,中性
R00510,7,3,学完有基础，内容中等。,中性
R00511,5,5,老师讲得很细，练习题丰富。,好评
R00512,7,5,老师讲得很细，有收获。,好评
R00513,1,5,有收获，推荐给朋友。,好评
R00514,8,5,课程内容很清晰，练习题丰富。,好评
R00515,3,1,字幕有错，进度条不准。,差评
R00516,4,1,节奏太快，代码有 bug。,差评
R00517,10,3,内容中等，内容中等。,中性
R00518,3,1,节奏太快，节奏太快。,差评
R00519,10,5,Python 入门好课，练习题丰富。,好评
R00520,6,1,进度条不准，代码有 bug。,差评
R00521,3,5,推荐给朋友，推荐给朋友。,好评
R00522,10,1,讲解不细致，练习题太难。,差评
R00523,4,5,有收获，代码可直接跑。,好评
R00524,6,5,老师讲得很细，案例贴近实战。,好评
R00525,7,5,练习题丰富，案例贴近实战。,好评
R00526,1,5,Python 入门好课，课程内容很清晰。,好评
R00527,8,3,一般般，还可以。,中性
R00528,3,5,Python 入门好课，代码可直接跑。,好评
R00529,10,5,课程内容很清晰，案例贴近实战。,好评
R00530,3,5,案例贴近实战，代码可直接跑。,好评
R00531,3,1,节奏太快，讲解不细致。,差评
R00532,9,5,老师讲得很细，课程内容很清晰。,好评
R00533,8,3,学完有基础，学完有基础。,中性
R00534,4,3,还可以，一般般。,中性
R00535,5,1,练习题太难，字幕有错。,差评
R00536,8,1,讲解不细致，进度条不准。,差评
R00537,7,5,案例贴近实战，练习题丰富。,好评
R00538,5,5,Python 入门好课，Python 入门好课。,好评
R00539,3,3,一般般，学完有基础。,中性
R00540,1,5,案例贴近实战，练习题丰富。,好评
R00541,4,5,代码可直接跑，代码可直接跑。,好评
R00542,4,1,视频质量一般，代码有 bug。,差评
R00543,2,5,有收获，推荐给朋友。,好评
R00544,3,3,还可以，学完有基础。,中性
R00545,4,5,有收获，案例贴近实战。,好评
R00546,10,3,学完有基础，学完有基础。,中性
R00547,2,5,代码可直接跑，老师讲得很细。,好评
R00548,6,3,还可以，还可以。,中性
R00549,6,5,Python 入门好课，推荐给朋友。,好评
R00550,5,5,课程内容很清晰，课程内容很清晰。,好评
R00551,7,3,学完有基础，内容中等。,中性
R00552,9,5,有收获，练习题丰富。,好评
R00553,5,5,课程内容很清晰，练习题丰富。,好评
R00554,6,5,练习题丰富，推荐给朋友。,好评
R00555,2,1,代码有 bug，练习题太难。,差评
R00556,3,5,有收获，案例贴近实战。,好评
R00557,6,3,内容中等，还可以。,中性
R00558,8,5,课程内容很清晰，练习题丰富。,好评
R00559,7,5,代码可直接跑，有收获。,好评
R00560,10,3,内容中等，内容中等。,中性
R00561,5,1,字幕有错，字幕有错。,差评
R00562,3,3,内容中等，学完有基础。,中性
R00563,3,3,内容中等，学完有基础。,中性
R00564,4,5,推荐给朋友，课程内容很清晰。,好评
R00565,4,5,练习题丰富，课程内容很清晰。,好评
R00566,8,5,练习题丰富，课程内容很清晰。,好评
R00567,8,1,讲解不细致，练习题太难。,差评
R00568,8,3,学完有基础，还可以。,中性
R00569,6,5,课程内容很清晰，推荐给朋友。,好评
R00570,8,5,推荐给朋友，推荐给朋友。,好评
R00571,2,5,老师讲得很细，练习题丰富。,好评
R00572,4,3,内容中等，还可以。,中性
R00573,3,5,代码可直接跑，练习题丰富。,好评
R00574,10,5,代码可直接跑，Python 入门好课。,好评
R00575,7,5,课程内容很清晰，练习题丰富。,好评
R00576,8,3,还可以，一般般。,中性
R00577,6,1,进度条不准，节奏太快。,差评
R00578,2,1,节奏太快，讲解不细致。,差评
R00579,10,5,案例贴近实战，有收获。,好评
R00580,3,5,老师讲得很细，有收获。,好评
R00581,8,1,节奏太快，节奏太快。,差评
R00582,5,3,学完有基础，学完有基础。,中性
R00583,1,5,课程内容很清晰，有收获。,好评
R00584,10,5,推荐给朋友，有收获。,好评
R00585,1,5,练习题丰富，Python 入门好课。,好评
R00586,1,5,代码可直接跑，有收获。,好评
R00587,2,3,还可以，学完有基础。,中性
R00588,3,5,案例贴近实战，代码可直接跑。,好评
R00589,2,5,Python 入门好课，案例贴近实战。,好评
R00590,3,5,课程内容很清晰，Python 入门好课。,好评
R00591,5,5,案例贴近实战，案例贴近实战。,好评
R00592,5,5,练习题丰富，老师讲得很细。,好评
R00593,5,5,推荐给朋友，案例贴近实战。,好评
R00594,2,5,练习题丰富，有收获。,好评
R00595,9,1,字幕有错，讲解不细致。,差评
R00596,8,5,Python 入门好课，推荐给朋友。,好评
R00597,5,5,案例贴近实战，推荐给朋友。,好评
R00598,7,3,学完有基础，还可以。,中性
R00599,10,1,字幕有错，讲解不细致。,差评
R00600,7,3,一般般，学完有基础。,中性
R00601,9,5,老师讲得很细，课程内容很清晰。,好评
R00602,4,5,有收获，推荐给朋友。,好评
R00603,9,5,练习题丰富，推荐给朋友。,好评
R00604,8,5,老师讲得很细，代码可直接跑。,好评
R00605,8,5,案例贴近实战，老师讲得很细。,好评
R00606,3,3,内容中等，一般般。,中性
R00607,9,5,代码可直接跑，Python 入门好课。,好评
R00608,10,5,案例贴近实战，代码可直接跑。,好评
R00609,2,1,节奏太快，视频质量一般。,差评
R00610,9,5,课程内容很清晰，老师讲得很细。,好评
R00611,2,1,代码有 bug，代码有 bug。,差评
R00612,10,1,代码有 bug，进度条不准。,差评
R00613,5,3,内容中等，内容中等。,中性
R00614,2,3,还可以，还可以。,中性
R00615,3,5,推荐给朋友，练习题丰富。,好评
R00616,2,5,案例贴近实战，课程内容很清晰。,好评
R00617,6,3,学完有基础，内容中等。,中性
R00618,10,3,学完有基础，学完有基础。,中性
R00619,3,5,代码可直接跑，有收获。,好评
R00620,2,3,一般般，一般般。,中性
R00621,7,5,代码可直接跑，老师讲得很细。,好评
R00622,7,3,还可以，还可以。,中性
R00623,3,5,老师讲得很细，课程内容很清晰。,好评
R00624,7,5,推荐给朋友，推荐给朋友。,好评
R00625,10,3,学完有基础，内容中等。,中性
R00626,5,5,有收获，案例贴近实战。,好评
R00627,3,5,老师讲得很细，练习题丰富。,好评
R00628,2,5,课程内容很清晰，Python 入门好课。,好评
R00629,1,3,还可以，一般般。,中性
R00630,3,3,一般般，学完有基础。,中性
R00631,7,1,进度条不准，练习题太难。,差评
R00632,9,1,字幕有错，进度条不准。,差评
R00633,5,3,一般般，还可以。,中性
R00634,8,5,推荐给朋友，练习题丰富。,好评
R00635,2,5,案例贴近实战，课程内容很清晰。,好评
R00636,8,1,练习题太难，练习题太难。,差评
R00637,1,5,推荐给朋友，推荐给朋友。,好评
R00638,4,5,推荐给朋友，Python 入门好课。,好评
R00639,1,5,代码可直接跑，案例贴近实战。,好评
R00640,2,5,有收获，课程内容很清晰。,好评
R00641,8,3,学完有基础，学完有基础。,中性
R00642,8,5,代码可直接跑，课程内容很清晰。,好评
R00643,9,1,代码有 bug，代码有 bug。,差评
R00644,1,5,推荐给朋友，Python 入门好课。,好评
R00645,10,5,课程内容很清晰，案例贴近实战。,好评
R00646,5,5,有收获，老师讲得很细。,好评
R00647,2,3,学完有基础，学完有基础。,中性
R00648,6,1,代码有 bug，视频质量一般。,差评
R00649,1,3,学完有基础，学完有基础。,中性
R00650,4,1,练习题太难，讲解不细致。,差评
R00651,8,1,代码有 bug，讲解不细致。,差评
R00652,4,1,练习题太难，视频质量一般。,差评
R00653,3,3,内容中等，学完有基础。,中性
R00654,7,3,内容中等，学完有基础。,中性
R00655,3,5,有收获，推荐给朋友。,好评
R00656,2,5,Python 入门好课，代码可直接跑。,好评
R00657,3,1,进度条不准，代码有 bug。,差评
R00658,3,1,练习题太难，练习题太难。,差评
R00659,7,5,推荐给朋友，老师讲得很细。,好评
R00660,4,3,学完有基础，内容中等。,中性
R00661,1,3,一般般，还可以。,中性
R00662,6,5,有收获，代码可直接跑。,好评
R00663,9,3,一般般，一般般。,中性
R00664,6,5,课程内容很清晰，老师讲得很细。,好评
R00665,10,5,案例贴近实战，老师讲得很细。,好评
R00666,9,5,Python 入门好课，老师讲得很细。,好评
R00667,5,5,Python 入门好课，推荐给朋友。,好评
R00668,1,3,内容中等，内容中等。,中性
R00669,9,5,代码可直接跑，练习题丰富。,好评
R00670,8,5,老师讲得很细，课程内容很清晰。,好评
R00671,2,5,推荐给朋友，老师讲得很细。,好评
R00672,9,5,老师讲得很细，课程内容很清晰。,好评
R00673,2,5,老师讲得很细，练习题丰富。,好评
R00674,6,1,字幕有错，练习题太难。,差评
R00675,8,5,练习题丰富，代码可直接跑。,好评
R00676,3,3,学完有基础，还可以。,中性
R00677,3,3,内容中等，内容中等。,中性
R00678,8,5,老师讲得很细，Python 入门好课。,好评
R00679,4,3,学完有基础，还可以。,中性
R00680,5,5,推荐给朋友，有收获。,好评
R00681,5,5,练习题丰富，老师讲得很细。,好评
R00682,6,5,有收获，案例贴近实战。,好评
R00683,9,5,Python 入门好课，练习题丰富。,好评
R00684,3,5,案例贴近实战，Python 入门好课。,好评
R00685,7,3,学完有基础，学完有基础。,中性
R00686,1,5,推荐给朋友，有收获。,好评
R00687,1,1,代码有 bug，练习题太难。,差评
R00688,6,5,老师讲得很细，老师讲得很细。,好评
R00689,3,3,内容中等，学完有基础。,中性
R00690,7,5,案例贴近实战，课程内容很清晰。,好评
R00691,10,5,课程内容很清晰，练习题丰富。,好评
R00692,7,5,课程内容很清晰，代码可直接跑。,好评
R00693,6,5,案例贴近实战，代码可直接跑。,好评
R00694,5,5,有收获，课程内容很清晰。,好评
R00695,8,3,一般般，学完有基础。,中性
R00696,6,5,Python 入门好课，推荐给朋友。,好评
R00697,7,1,字幕有错，字幕有错。,差评
R00698,5,1,字幕有错，练习题太难。,差评
R00699,9,3,还可以，还可以。,中性
R00700,3,5,有收获，案例贴近实战。,好评
R00701,2,5,代码可直接跑，Python 入门好课。,好评
R00702,3,3,内容中等，内容中等。,中性
R00703,9,1,节奏太快，节奏太快。,差评
R00704,5,5,代码可直接跑，Python 入门好课。,好评
R00705,1,5,案例贴近实战，老师讲得很细。,好评
R00706,9,5,有收获，代码可直接跑。,好评
R00707,1,1,讲解不细致，节奏太快。,差评
R00708,2,1,字幕有错，进度条不准。,差评
R00709,10,5,推荐给朋友，代码可直接跑。,好评
R00710,8,1,进度条不准，节奏太快。,差评
R00711,10,1,讲解不细致，练习题太难。,差评
R00712,5,5,Python 入门好课，有收获。,好评
R00713,10,1,讲解不细致，进度条不准。,差评
R00714,9,3,一般般，学完有基础。,中性
R00715,6,5,Python 入门好课，老师讲得很细。,好评
R00716,8,3,一般般，内容中等。,中性
R00717,7,5,老师讲得很细，练习题丰富。,好评
R00718,2,5,案例贴近实战，老师讲得很细。,好评
R00719,3,5,课程内容很清晰，案例贴近实战。,好评
R00720,8,5,推荐给朋友，Python 入门好课。,好评
R00721,9,5,老师讲得很细，有收获。,好评
R00722,5,5,案例贴近实战，案例贴近实战。,好评
R00723,8,3,学完有基础，学完有基础。,中性
R00724,3,5,推荐给朋友，案例贴近实战。,好评
R00725,3,1,练习题太难，视频质量一般。,差评
R00726,3,5,推荐给朋友，推荐给朋友。,好评
R00727,8,3,还可以，一般般。,中性
R00728,3,1,代码有 bug，节奏太快。,差评
R00729,10,5,有收获，老师讲得很细。,好评
R00730,2,3,学完有基础，还可以。,中性
R00731,1,5,有收获，代码可直接跑。,好评
R00732,6,3,一般般，还可以。,中性
R00733,5,5,代码可直接跑，有收获。,好评
R00734,1,1,讲解不细致，代码有 bug。,差评
R00735,10,3,一般般，一般般。,中性
R00736,5,5,案例贴近实战，课程内容很清晰。,好评
R00737,3,5,代码可直接跑，Python 入门好课。,好评
R00738,2,3,学完有基础，还可以。,中性
R00739,1,5,有收获，老师讲得很细。,好评
R00740,10,5,案例贴近实战，推荐给朋友。,好评
R00741,6,5,代码可直接跑，推荐给朋友。,好评
R00742,10,5,案例贴近实战，推荐给朋友。,好评
R00743,9,3,一般般，一般般。,中性
R00744,8,5,推荐给朋友，推荐给朋友。,好评
R00745,2,5,练习题丰富，有收获。,好评
R00746,10,1,字幕有错，视频质量一般。,差评
R00747,4,3,学完有基础，学完有基础。,中性
R00748,9,5,案例贴近实战，有收获。,好评
R00749,5,5,课程内容很清晰，推荐给朋友。,好评
R00750,1,3,还可以，一般般。,中性
R00751,5,1,视频质量一般，进度条不准。,差评
R00752,4,5,老师讲得很细，老师讲得很细。,好评
R00753,8,5,课程内容很清晰，Python 入门好课。,好评
R00754,9,5,课程内容很清晰，老师讲得很细。,好评
R00755,5,5,练习题丰富，课程内容很清晰。,好评
R00756,10,5,Python 入门好课，Python 入门好课。,好评
R00757,9,3,学完有基础，还可以。,中性
R00758,10,5,有收获，案例贴近实战。,好评
R00759,1,1,节奏太快，代码有 bug。,差评
R00760,3,5,有收获，案例贴近实战。,好评
R00761,9,3,学完有基础，还可以。,中性
R00762,5,1,讲解不细致，代码有 bug。,差评
R00763,2,5,老师讲得很细，老师讲得很细。,好评
R00764,3,5,练习题丰富，代码可直接跑。,好评
R00765,2,5,练习题丰富，代码可直接跑。,好评
R00766,7,3,一般般，内容中等。,中性
R00767,10,3,一般般，还可以。,中性
R00768,1,5,有收获，练习题丰富。,好评
R00769,7,5,课程内容很清晰，代码可直接跑。,好评
R00770,3,5,老师讲得很细，有收获。,好评
R00771,5,1,代码有 bug，讲解不细致。,差评
R00772,1,5,案例贴近实战，老师讲得很细。,好评
R00773,10,5,Python 入门好课，Python 入门好课。,好评
R00774,9,5,Python 入门好课，推荐给朋友。,好评
R00775,5,5,案例贴近实战，老师讲得很细。,好评
R00776,8,1,节奏太快，讲解不细致。,差评
R00777,8,5,案例贴近实战，老师讲得很细。,好评
R00778,4,1,节奏太快，代码有 bug。,差评
R00779,9,5,课程内容很清晰，代码可直接跑。,好评
R00780,9,5,老师讲得很细，Python 入门好课。,好评
R00781,3,1,进度条不准，字幕有错。,差评
R00782,8,3,内容中等，学完有基础。,中性
R00783,3,3,还可以，一般般。,中性
R00784,4,5,有收获，练习题丰富。,好评
R00785,1,5,案例贴近实战，推荐给朋友。,好评
R00786,10,3,还可以，学完有基础。,中性
R00787,1,5,代码可直接跑，练习题丰富。,好评
R00788,5,5,课程内容很清晰，推荐给朋友。,好评
R00789,6,3,内容中等，学完有基础。,中性
R00790,1,3,一般般，内容中等。,中性
R00791,5,3,一般般，还可以。,中性
R00792,2,3,还可以，学完有基础。,中性
R00793,7,3,一般般，内容中等。,中性
R00794,6,5,Python 入门好课，有收获。,好评
R00795,5,5,代码可直接跑，推荐给朋友。,好评
R00796,6,1,练习题太难，进度条不准。,差评
R00797,8,5,有收获，Python 入门好课。,好评
R00798,3,5,有收获，课程内容很清晰。,好评
R00799,1,5,课程内容很清晰，推荐给朋友。,好评
R00800,7,5,课程内容很清晰，练习题丰富。,好评
R00801,8,1,视频质量一般，进度条不准。,差评
R00802,2,5,案例贴近实战，老师讲得很细。,好评
R00803,2,5,课程内容很清晰，推荐给朋友。,好评
R00804,10,5,有收获，案例贴近实战。,好评
R00805,3,1,讲解不细致，代码有 bug。,差评
R00806,8,5,课程内容很清晰，老师讲得很细。,好评
R00807,8,5,有收获，Python 入门好课。,好评
R00808,1,1,节奏太快，练习题太难。,差评
R00809,4,5,代码可直接跑，有收获。,好评
R00810,4,5,老师讲得很细，代码可直接跑。,好评
R00811,6,5,Python 入门好课，推荐给朋友。,好评
R00812,8,5,课程内容很清晰，代码可直接跑。,好评
R00813,4,3,一般般，还可以。,中性
R00814,5,5,案例贴近实战，老师讲得很细。,好评
R00815,8,1,视频质量一般，视频质量一般。,差评
R00816,10,5,练习题丰富，Python 入门好课。,好评
R00817,10,5,练习题丰富，老师讲得很细。,好评
R00818,2,1,练习题太难，进度条不准。,差评
R00819,10,5,练习题丰富，代码可直接跑。,好评
R00820,4,5,Python 入门好课，代码可直接跑。,好评
R00821,9,5,课程内容很清晰，代码可直接跑。,好评
R00822,7,5,推荐给朋友，课程内容很清晰。,好评
R00823,1,1,进度条不准，进度条不准。,差评
R00824,7,5,有收获，案例贴近实战。,好评
R00825,9,3,内容中等，还可以。,中性
R00826,6,1,代码有 bug，代码有 bug。,差评
R00827,1,5,课程内容很清晰，Python 入门好课。,好评
R00828,9,5,代码可直接跑，案例贴近实战。,好评
R00829,1,5,推荐给朋友，有收获。,好评
R00830,6,3,学完有基础，一般般。,中性
R00831,4,5,老师讲得很细，课程内容很清晰。,好评
R00832,4,3,学完有基础，还可以。,中性
R00833,6,5,Python 入门好课，练习题丰富。,好评
R00834,2,3,内容中等，还可以。,中性
R00835,7,5,课程内容很清晰，推荐给朋友。,好评
R00836,5,3,还可以，内容中等。,中性
R00837,8,5,Python 入门好课，老师讲得很细。,好评
R00838,1,5,Python 入门好课，有收获。,好评
R00839,2,5,有收获，Python 入门好课。,好评
R00840,8,5,推荐给朋友，老师讲得很细。,好评
R00841,1,3,还可以，还可以。,中性
R00842,6,5,课程内容很清晰，案例贴近实战。,好评
R00843,1,5,老师讲得很细，练习题丰富。,好评
R00844,1,1,字幕有错，代码有 bug。,差评
R00845,2,5,代码可直接跑，案例贴近实战。,好评
R00846,9,5,老师讲得很细，课程内容很清晰。,好评
R00847,7,1,节奏太快，讲解不细致。,差评
R00848,10,5,案例贴近实战，老师讲得很细。,好评
R00849,10,3,学完有基础，一般般。,中性
R00850,7,5,课程内容很清晰，推荐给朋友。,好评
R00851,10,5,推荐给朋友，案例贴近实战。,好评
R00852,6,1,视频质量一般，节奏太快。,差评
R00853,1,1,进度条不准，进度条不准。,差评
R00854,10,5,推荐给朋友，有收获。,好评
R00855,2,1,练习题太难，节奏太快。,差评
R00856,10,5,课程内容很清晰，老师讲得很细。,好评
R00857,9,5,Python 入门好课，练习题丰富。,好评
R00858,7,3,内容中等，内容中等。,中性
R00859,3,5,推荐给朋友，推荐给朋友。,好评
R00860,1,5,Python 入门好课，练习题丰富。,好评
R00861,5,3,还可以，一般般。,中性
R00862,5,3,学完有基础，内容中等。,中性
R00863,8,5,练习题丰富，练习题丰富。,好评
R00864,5,5,代码可直接跑，有收获。,好评
R00865,9,1,讲解不细致，节奏太快。,差评
R00866,4,3,一般般，还可以。,中性
R00867,6,3,还可以，学完有基础。,中性
R00868,4,5,Python 入门好课，Python 入门好课。,好评
R00869,4,5,老师讲得很细，有收获。,好评
R00870,10,5,推荐给朋友，推荐给朋友。,好评
R00871,10,3,内容中等，内容中等。,中性
R00872,6,1,讲解不细致，代码有 bug。,差评
R00873,8,1,练习题太难，节奏太快。,差评
R00874,4,3,还可以，学完有基础。,中性
R00875,4,5,课程内容很清晰，Python 入门好课。,好评
R00876,4,5,推荐给朋友，Python 入门好课。,好评
R00877,7,5,推荐给朋友，有收获。,好评
R00878,3,5,Python 入门好课，案例贴近实战。,好评
R00879,1,5,课程内容很清晰，有收获。,好评
R00880,1,5,老师讲得很细，有收获。,好评
R00881,3,1,视频质量一般，节奏太快。,差评
R00882,4,3,内容中等，学完有基础。,中性
R00883,1,5,有收获，课程内容很清晰。,好评
R00884,5,5,Python 入门好课，Python 入门好课。,好评
R00885,5,5,练习题丰富，Python 入门好课。,好评
R00886,9,3,一般般，内容中等。,中性
R00887,4,3,一般般，一般般。,中性
R00888,5,1,节奏太快，练习题太难。,差评
R00889,3,5,老师讲得很细，课程内容很清晰。,好评
R00890,6,5,案例贴近实战，老师讲得很细。,好评
R00891,8,5,Python 入门好课，代码可直接跑。,好评
R00892,6,1,练习题太难，讲解不细致。,差评
R00893,2,3,一般般，学完有基础。,中性
R00894,3,3,还可以，一般般。,中性
R00895,9,5,Python 入门好课，Python 入门好课。,好评
R00896,6,3,学完有基础，内容中等。,中性
R00897,1,3,学完有基础，一般般。,中性
R00898,3,5,Python 入门好课，代码可直接跑。,好评
R00899,1,5,有收获，Python 入门好课。,好评
R00900,9,3,内容中等，一般般。,中性
R00901,2,5,推荐给朋友，Python 入门好课。,好评
R00902,3,3,学完有基础，还可以。,中性
R00903,8,3,学完有基础，内容中等。,中性
R00904,3,1,视频质量一般，代码有 bug。,差评
R00905,9,3,内容中等，内容中等。,中性
R00906,8,1,进度条不准，代码有 bug。,差评
R00907,10,1,代码有 bug，讲解不细致。,差评
R00908,4,5,案例贴近实战，课程内容很清晰。,好评
R00909,8,5,Python 入门好课，Python 入门好课。,好评
R00910,4,5,Python 入门好课，案例贴近实战。,好评
R00911,7,1,讲解不细致，代码有 bug。,差评
R00912,5,5,练习题丰富，有收获。,好评
R00913,2,5,老师讲得很细，练习题丰富。,好评
R00914,9,5,代码可直接跑，推荐给朋友。,好评
R00915,10,1,讲解不细致，练习题太难。,差评
R00916,9,3,还可以，学完有基础。,中性
R00917,8,3,内容中等，学完有基础。,中性
R00918,7,5,推荐给朋友，案例贴近实战。,好评
R00919,6,3,内容中等，学完有基础。,中性
R00920,1,1,讲解不细致，代码有 bug。,差评
R00921,4,5,练习题丰富，推荐给朋友。,好评
R00922,2,1,讲解不细致，进度条不准。,差评
R00923,5,5,有收获，老师讲得很细。,好评
R00924,4,3,还可以，内容中等。,中性
R00925,2,5,老师讲得很细，老师讲得很细。,好评
R00926,9,5,有收获，课程内容很清晰。,好评
R00927,4,1,练习题太难，讲解不细致。,差评
R00928,5,5,有收获，代码可直接跑。,好评
R00929,10,5,代码可直接跑，Python 入门好课。,好评
R00930,9,1,练习题太难，字幕有错。,差评
R00931,5,5,代码可直接跑，课程内容很清晰。,好评
R00932,6,1,讲解不细致，字幕有错。,差评
R00933,10,5,案例贴近实战，案例贴近实战。,好评
R00934,1,1,字幕有错，进度条不准。,差评
R00935,9,1,代码有 bug，进度条不准。,差评
R00936,4,5,练习题丰富，案例贴近实战。,好评
R00937,4,1,练习题太难，进度条不准。,差评
R00938,9,1,代码有 bug，练习题太难。,差评
R00939,6,3,学完有基础，学完有基础。,中性
R00940,6,1,字幕有错，节奏太快。,差评
R00941,7,3,一般般，学完有基础。,中性
R00942,8,5,Python 入门好课，推荐给朋友。,好评
R00943,3,5,课程内容很清晰，有收获。,好评
R00944,1,3,一般般，内容中等。,中性
R00945,6,5,推荐给朋友，有收获。,好评
R00946,7,5,Python 入门好课，案例贴近实战。,好评
R00947,6,5,案例贴近实战，代码可直接跑。,好评
R00948,3,5,课程内容很清晰，课程内容很清晰。,好评
R00949,10,5,练习题丰富，有收获。,好评
R00950,4,3,学完有基础，学完有基础。,中性
R00951,9,5,案例贴近实战，老师讲得很细。,好评
R00952,8,5,案例贴近实战，Python 入门好课。,好评
R00953,10,3,还可以，内容中等。,中性
R00954,2,3,学完有基础，内容中等。,中性
R00955,9,5,练习题丰富，老师讲得很细。,好评
R00956,10,5,练习题丰富，课程内容很清晰。,好评
R00957,3,3,学完有基础，还可以。,中性
R00958,7,1,练习题太难，节奏太快。,差评
R00959,4,1,讲解不细致，练习题太难。,差评
R00960,8,3,内容中等，还可以。,中性
R00961,9,1,节奏太快，讲解不细致。,差评
R00962,6,5,课程内容很清晰，练习题丰富。,好评
R00963,7,1,字幕有错，代码有 bug。,差评
R00964,3,5,练习题丰富，老师讲得很细。,好评
R00965,2,3,学完有基础，学完有基础。,中性
R00966,4,1,代码有 bug，字幕有错。,差评
R00967,5,5,练习题丰富，Python 入门好课。,好评
R00968,3,5,案例贴近实战，推荐给朋友。,好评
R00969,9,5,代码可直接跑，Python 入门好课。,好评
R00970,4,5,推荐给朋友，代码可直接跑。,好评
R00971,8,1,节奏太快，练习题太难。,差评
R00972,10,5,老师讲得很细，案例贴近实战。,好评
R00973,10,3,一般般，内容中等。,中性
R00974,8,5,推荐给朋友，推荐给朋友。,好评
R00975,2,1,视频质量一般，节奏太快。,差评
R00976,6,3,内容中等，学完有基础。,中性
R00977,5,1,进度条不准，字幕有错。,差评
R00978,7,5,案例贴近实战，练习题丰富。,好评
R00979,10,3,一般般，一般般。,中性
R00980,7,5,案例贴近实战，推荐给朋友。,好评
R00981,7,5,练习题丰富，老师讲得很细。,好评
R00982,3,5,课程内容很清晰，Python 入门好课。,好评
R00983,2,5,代码可直接跑，代码可直接跑。,好评
R00984,7,3,一般般，学完有基础。,中性
R00985,2,5,老师讲得很细，有收获。,好评
R00986,7,3,还可以，内容中等。,中性
R00987,5,3,学完有基础，一般般。,中性
R00988,8,5,Python 入门好课，课程内容很清晰。,好评
R00989,8,1,节奏太快，节奏太快。,差评
R00990,7,5,案例贴近实战，有收获。,好评
R00991,1,5,Python 入门好课，案例贴近实战。,好评
R00992,2,5,课程内容很清晰，代码可直接跑。,好评
R00993,8,3,一般般，内容中等。,中性
R00994,2,3,学完有基础，学完有基础。,中性
R00995,8,5,老师讲得很细，Python 入门好课。,好评
R00996,5,5,练习题丰富，推荐给朋友。,好评
R00997,1,3,一般般，一般般。,中性
R00998,5,5,老师讲得很细，练习题丰富。,好评
R00999,3,3,还可以，学完有基础。,中性
R01000,1,1,节奏太快，进度条不准。,差评
R01001,8,5,代码可直接跑，练习题丰富。,好评
R01002,4,3,内容中等，一般般。,中性
R01003,8,5,课程内容很清晰，Python 入门好课。,好评
R01004,7,3,还可以，还可以。,中性
R01005,1,3,内容中等，学完有基础。,中性
R01006,7,5,课程内容很清晰，课程内容很清晰。,好评
R01007,6,5,Python 入门好课，Python 入门好课。,好评
R01008,2,3,一般般，一般般。,中性
R01009,1,3,还可以，学完有基础。,中性
R01010,4,5,课程内容很清晰，有收获。,好评
R01011,2,3,还可以，一般般。,中性
R01012,1,5,练习题丰富，练习题丰富。,好评
R01013,6,5,案例贴近实战，老师讲得很细。,好评
R01014,10,3,内容中等，一般般。,中性
R01015,7,5,Python 入门好课，案例贴近实战。,好评
R01016,4,3,还可以，一般般。,中性
R01017,6,5,老师讲得很细，有收获。,好评
R01018,7,1,练习题太难，节奏太快。,差评
R01019,7,5,有收获，课程内容很清晰。,好评
R01020,4,5,Python 入门好课，推荐给朋友。,好评
R01021,5,1,节奏太快，进度条不准。,差评
R01022,2,5,有收获，课程内容很清晰。,好评
R01023,5,5,Python 入门好课，案例贴近实战。,好评
R01024,9,5,推荐给朋友，老师讲得很细。,好评
R01025,2,5,练习题丰富，代码可直接跑。,好评
R01026,3,3,内容中等，学完有基础。,中性
R01027,6,5,有收获，练习题丰富。,好评
R01028,8,1,字幕有错，进度条不准。,差评
R01029,1,5,老师讲得很细，有收获。,好评
R01030,9,5,推荐给朋友，案例贴近实战。,好评
R01031,4,5,Python 入门好课，课程内容很清晰。,好评
R01032,5,5,课程内容很清晰，老师讲得很细。,好评
R01033,4,5,Python 入门好课，案例贴近实战。,好评
R01034,1,1,视频质量一般，节奏太快。,差评
R01035,8,3,一般般，内容中等。,中性
R01036,3,5,代码可直接跑，Python 入门好课。,好评
R01037,1,5,案例贴近实战，Python 入门好课。,好评
R01038,6,5,Python 入门好课，推荐给朋友。,好评
R01039,6,5,练习题丰富，代码可直接跑。,好评
R01040,5,5,课程内容很清晰，案例贴近实战。,好评
R01041,6,5,课程内容很清晰，Python 入门好课。,好评
R01042,4,5,有收获，Python 入门好课。,好评
R01043,4,5,课程内容很清晰，Python 入门好课。,好评
R01044,3,5,案例贴近实战，有收获。,好评
R01045,2,5,推荐给朋友，课程内容很清晰。,好评
R01046,4,5,推荐给朋友，老师讲得很细。,好评
R01047,4,5,课程内容很清晰，练习题丰富。,好评
R01048,3,5,练习题丰富，老师讲得很细。,好评
R01049,9,5,Python 入门好课，Python 入门好课。,好评
R01050,8,5,老师讲得很细，案例贴近实战。,好评
R01051,4,5,代码可直接跑，练习题丰富。,好评
R01052,3,5,Python 入门好课，案例贴近实战。,好评
R01053,5,5,Python 入门好课，代码可直接跑。,好评
R01054,5,5,推荐给朋友，Python 入门好课。,好评
R01055,6,5,推荐给朋友，老师讲得很细。,好评
R01056,3,1,代码有 bug，代码有 bug。,差评
R01057,7,5,推荐给朋友，推荐给朋友。,好评
R01058,8,5,案例贴近实战，练习题丰富。,好评
R01059,7,3,还可以，学完有基础。,中性
R01060,10,5,老师讲得很细，代码可直接跑。,好评
R01061,5,5,练习题丰富，练习题丰富。,好评
R01062,5,3,学完有基础，学完有基础。,中性
R01063,7,3,学完有基础，内容中等。,中性
R01064,6,5,推荐给朋友，老师讲得很细。,好评
R01065,4,5,练习题丰富，推荐给朋友。,好评
R01066,1,5,练习题丰富，Python 入门好课。,好评
R01067,8,5,课程内容很清晰，有收获。,好评
R01068,7,1,代码有 bug，代码有 bug。,差评
R01069,8,5,有收获，案例贴近实战。,好评
R01070,7,5,代码可直接跑，老师讲得很细。,好评
R01071,7,3,还可以，还可以。,中性
R01072,7,3,一般般，一般般。,中性
R01073,9,5,代码可直接跑，有收获。,好评
R01074,6,1,进度条不准，代码有 bug。,差评
R01075,7,5,课程内容很清晰，案例贴近实战。,好评
R01076,8,3,一般般，一般般。,中性
R01077,1,5,课程内容很清晰，有收获。,好评
R01078,10,5,练习题丰富，代码可直接跑。,好评
R01079,5,5,推荐给朋友，练习题丰富。,好评
R01080,1,5,Python 入门好课，练习题丰富。,好评
R01081,7,5,老师讲得很细，老师讲得很细。,好评
R01082,9,3,学完有基础，还可以。,中性
R01083,3,1,练习题太难，代码有 bug。,差评
R01084,5,5,案例贴近实战，代码可直接跑。,好评
R01085,7,5,案例贴近实战，代码可直接跑。,好评
R01086,10,5,老师讲得很细，老师讲得很细。,好评
R01087,5,3,内容中等，一般般。,中性
R01088,5,3,一般般，学完有基础。,中性
R01089,8,3,还可以，一般般。,中性
R01090,2,3,还可以，还可以。,中性
R01091,5,5,案例贴近实战，案例贴近实战。,好评
R01092,3,5,案例贴近实战，练习题丰富。,好评
R01093,3,1,讲解不细致，练习题太难。,差评
R01094,3,3,一般般，学完有基础。,中性
R01095,10,5,老师讲得很细，推荐给朋友。,好评
R01096,4,5,Python 入门好课，练习题丰富。,好评
R01097,4,3,还可以，一般般。,中性
R01098,8,5,代码可直接跑，案例贴近实战。,好评
R01099,2,5,老师讲得很细，练习题丰富。,好评
R01100,7,1,讲解不细致，节奏太快。,差评
R01101,2,5,老师讲得很细，代码可直接跑。,好评
R01102,10,5,有收获，课程内容很清晰。,好评
R01103,8,3,一般般，学完有基础。,中性
R01104,2,1,进度条不准，字幕有错。,差评
R01105,5,3,还可以，还可以。,中性
R01106,2,5,课程内容很清晰，课程内容很清晰。,好评
R01107,7,5,Python 入门好课，课程内容很清晰。,好评
R01108,5,1,视频质量一般，视频质量一般。,差评
R01109,6,5,推荐给朋友，推荐给朋友。,好评
R01110,6,5,案例贴近实战，有收获。,好评
R01111,4,3,内容中等，内容中等。,中性
R01112,7,5,有收获，案例贴近实战。,好评
R01113,6,5,课程内容很清晰，有收获。,好评
R01114,8,5,老师讲得很细，课程内容很清晰。,好评
R01115,1,5,案例贴近实战，练习题丰富。,好评
R01116,4,5,老师讲得很细，代码可直接跑。,好评
R01117,10,5,有收获，推荐给朋友。,好评
R01118,8,1,进度条不准，进度条不准。,差评
R01119,1,3,学完有基础，一般般。,中性
R01120,6,5,有收获，课程内容很清晰。,好评
R01121,8,5,课程内容很清晰，有收获。,好评
R01122,7,5,Python 入门好课，推荐给朋友。,好评
R01123,7,5,老师讲得很细，有收获。,好评
R01124,2,1,代码有 bug，进度条不准。,差评
R01125,5,1,进度条不准，代码有 bug。,差评
R01126,9,3,一般般，一般般。,中性
R01127,8,5,课程内容很清晰，练习题丰富。,好评
R01128,9,5,老师讲得很细，代码可直接跑。,好评
R01129,8,5,推荐给朋友，练习题丰富。,好评
R01130,9,5,老师讲得很细，推荐给朋友。,好评
R01131,4,1,练习题太难，练习题太难。,差评
R01132,2,3,一般般，还可以。,中性
R01133,3,5,案例贴近实战，课程内容很清晰。,好评
R01134,5,3,内容中等，学完有基础。,中性
R01135,8,5,Python 入门好课，代码可直接跑。,好评
R01136,9,5,老师讲得很细，练习题丰富。,好评
R01137,8,1,进度条不准，进度条不准。,差评
R01138,4,5,老师讲得很细，有收获。,好评
R01139,7,5,老师讲得很细，有收获。,好评
R01140,7,1,进度条不准，进度条不准。,差评
R01141,4,3,学完有基础，一般般。,中性
R01142,5,5,代码可直接跑，老师讲得很细。,好评
R01143,2,5,老师讲得很细，老师讲得很细。,好评
R01144,2,3,内容中等，一般般。,中性
R01145,6,3,内容中等，一般般。,中性
R01146,1,1,代码有 bug，视频质量一般。,差评
R01147,10,5,代码可直接跑，课程内容很清晰。,好评
R01148,7,3,一般般，学完有基础。,中性
R01149,3,5,有收获，有收获。,好评
R01150,10,1,视频质量一般，进度条不准。,差评
R01151,7,5,Python 入门好课，老师讲得很细。,好评
R01152,8,1,节奏太快，视频质量一般。,差评
R01153,5,5,有收获，练习题丰富。,好评
R01154,8,5,Python 入门好课，推荐给朋友。,好评
R01155,3,5,练习题丰富，代码可直接跑。,好评
R01156,5,5,课程内容很清晰，有收获。,好评
R01157,2,1,视频质量一般，进度条不准。,差评
R01158,4,3,内容中等，学完有基础。,中性
R01159,7,3,学完有基础，内容中等。,中性
R01160,3,5,课程内容很清晰，有收获。,好评
R01161,4,1,字幕有错，进度条不准。,差评
R01162,4,1,字幕有错，进度条不准。,差评
R01163,8,5,课程内容很清晰，练习题丰富。,好评
R01164,3,5,案例贴近实战，代码可直接跑。,好评
R01165,7,1,节奏太快，视频质量一般。,差评
R01166,8,3,内容中等，学完有基础。,中性
R01167,7,1,讲解不细致，字幕有错。,差评
R01168,9,5,案例贴近实战，老师讲得很细。,好评
R01169,4,5,代码可直接跑，代码可直接跑。,好评
R01170,3,5,案例贴近实战，老师讲得很细。,好评
R01171,5,3,内容中等，还可以。,中性
R01172,3,1,代码有 bug，进度条不准。,差评
R01173,8,5,练习题丰富，推荐给朋友。,好评
R01174,4,3,内容中等，一般般。,中性
R01175,1,5,Python 入门好课，Python 入门好课。,好评
R01176,3,3,内容中等，还可以。,中性
R01177,3,5,案例贴近实战，案例贴近实战。,好评
R01178,6,5,课程内容很清晰，老师讲得很细。,好评
R01179,1,5,推荐给朋友，练习题丰富。,好评
R01180,10,5,老师讲得很细，有收获。,好评
R01181,7,5,案例贴近实战，练习题丰富。,好评
R01182,2,1,练习题太难，节奏太快。,差评
R01183,8,1,练习题太难，代码有 bug。,差评
R01184,10,1,讲解不细致，进度条不准。,差评
R01185,2,5,练习题丰富，案例贴近实战。,好评
R01186,5,5,推荐给朋友，案例贴近实战。,好评
R01187,1,5,推荐给朋友，有收获。,好评
R01188,2,1,节奏太快，节奏太快。,差评
R01189,9,5,老师讲得很细，推荐给朋友。,好评
R01190,10,3,一般般，还可以。,中性
R01191,8,1,视频质量一般，视频质量一般。,差评
R01192,10,5,代码可直接跑，老师讲得很细。,好评
R01193,8,5,练习题丰富，案例贴近实战。,好评
R01194,10,5,案例贴近实战，代码可直接跑。,好评
R01195,6,5,练习题丰富，老师讲得很细。,好评
R01196,7,3,还可以，一般般。,中性
R01197,9,3,还可以，学完有基础。,中性
R01198,9,5,推荐给朋友，老师讲得很细。,好评
R01199,9,1,字幕有错，视频质量一般。,差评
R01200,2,1,进度条不准，字幕有错。,差评
R01201,4,1,字幕有错，字幕有错。,差评
R01202,10,5,老师讲得很细，练习题丰富。,好评
R01203,9,5,练习题丰富，课程内容很清晰。,好评
R01204,2,5,推荐给朋友，有收获。,好评
R01205,10,3,还可以，一般般。,中性
R01206,2,5,Python 入门好课，练习题丰富。,好评
R01207,2,5,代码可直接跑，课程内容很清晰。,好评
R01208,6,3,还可以，内容中等。,中性
R01209,7,1,视频质量一般，练习题太难。,差评
R01210,5,3,还可以，一般般。,中性
R01211,9,5,课程内容很清晰，代码可直接跑。,好评
R01212,10,5,推荐给朋友，练习题丰富。,好评
R01213,9,3,学完有基础，内容中等。,中性
R01214,2,5,有收获，Python 入门好课。,好评
R01215,1,5,课程内容很清晰，Python 入门好课。,好评
R01216,5,5,Python 入门好课，练习题丰富。,好评
R01217,10,5,Python 入门好课，练习题丰富。,好评
R01218,5,5,Python 入门好课，有收获。,好评
R01219,2,3,一般般，学完有基础。,中性
R01220,7,3,内容中等，内容中等。,中性
R01221,8,3,一般般，学完有基础。,中性
R01222,7,5,老师讲得很细，代码可直接跑。,好评
R01223,2,5,练习题丰富，Python 入门好课。,好评
R01224,6,5,代码可直接跑，Python 入门好课。,好评
R01225,3,3,一般般，学完有基础。,中性
R01226,7,5,有收获，案例贴近实战。,好评
R01227,4,1,节奏太快，视频质量一般。,差评
R01228,2,1,节奏太快，讲解不细致。,差评
R01229,2,5,老师讲得很细，案例贴近实战。,好评
R01230,6,5,有收获，老师讲得很细。,好评
R01231,3,3,内容中等，内容中等。,中性
R01232,1,3,一般般，内容中等。,中性
R01233,4,5,老师讲得很细，案例贴近实战。,好评
R01234,2,5,案例贴近实战，老师讲得很细。,好评
R01235,10,3,一般般，内容中等。,中性
R01236,9,5,推荐给朋友，老师讲得很细。,好评
R01237,9,5,有收获，代码可直接跑。,好评
R01238,1,5,代码可直接跑，老师讲得很细。,好评
R01239,7,5,练习题丰富，有收获。,好评
R01240,9,5,练习题丰富，有收获。,好评
R01241,10,5,案例贴近实战，推荐给朋友。,好评
R01242,1,5,练习题丰富，代码可直接跑。,好评
R01243,3,5,练习题丰富，练习题丰富。,好评
R01244,1,3,学完有基础，内容中等。,中性
R01245,10,3,内容中等，一般般。,中性
R01246,3,3,学完有基础，学完有基础。,中性
R01247,8,1,代码有 bug，讲解不细致。,差评
R01248,7,5,代码可直接跑，代码可直接跑。,好评
R01249,2,5,Python 入门好课，代码可直接跑。,好评
R01250,6,3,内容中等，学完有基础。,中性
R01251,2,5,老师讲得很细，老师讲得很细。,好评
R01252,3,5,Python 入门好课，老师讲得很细。,好评
R01253,2,1,视频质量一般，节奏太快。,差评
R01254,1,5,代码可直接跑，推荐给朋友。,好评
R01255,8,5,案例贴近实战，练习题丰富。,好评
R01256,7,3,学完有基础，还可以。,中性
R01257,1,3,还可以，一般般。,中性
R01258,4,5,案例贴近实战，有收获。,好评
R01259,3,3,还可以，学完有基础。,中性
R01260,9,1,进度条不准，字幕有错。,差评
R01261,2,1,练习题太难，练习题太难。,差评
R01262,9,5,有收获，练习题丰富。,好评
R01263,7,5,有收获，课程内容很清晰。,好评
R01264,3,1,代码有 bug，代码有 bug。,差评
R01265,6,3,内容中等，还可以。,中性
R01266,9,1,进度条不准，练习题太难。,差评
R01267,5,5,老师讲得很细，代码可直接跑。,好评
R01268,5,5,推荐给朋友，代码可直接跑。,好评
R01269,10,3,一般般，还可以。,中性
R01270,5,5,案例贴近实战，Python 入门好课。,好评
R01271,10,5,课程内容很清晰，推荐给朋友。,好评
R01272,6,5,推荐给朋友，课程内容很清晰。,好评
R01273,6,5,课程内容很清晰，推荐给朋友。,好评
R01274,2,1,讲解不细致，讲解不细致。,差评
R01275,3,1,节奏太快，讲解不细致。,差评
R01276,1,5,案例贴近实战，有收获。,好评
R01277,8,5,老师讲得很细，案例贴近实战。,好评
R01278,9,3,一般般，还可以。,中性
R01279,2,5,练习题丰富，案例贴近实战。,好评
R01280,3,5,推荐给朋友，课程内容很清晰。,好评
R01281,8,3,内容中等，一般般。,中性
R01282,5,5,案例贴近实战，有收获。,好评
R01283,3,3,内容中等，学完有基础。,中性
R01284,8,5,代码可直接跑，老师讲得很细。,好评
R01285,8,1,进度条不准，字幕有错。,差评
R01286,6,5,练习题丰富，练习题丰富。,好评
R01287,6,3,学完有基础，还可以。,中性
R01288,4,5,Python 入门好课，老师讲得很细。,好评
R01289,3,5,代码可直接跑，课程内容很清晰。,好评
R01290,6,3,学完有基础，学完有基础。,中性
R01291,4,5,课程内容很清晰，练习题丰富。,好评
R01292,2,5,推荐给朋友，代码可直接跑。,好评
R01293,9,5,案例贴近实战，推荐给朋友。,好评
R01294,3,1,代码有 bug，字幕有错。,差评
R01295,9,5,有收获，案例贴近实战。,好评
R01296,2,5,案例贴近实战，练习题丰富。,好评
R01297,1,1,节奏太快，字幕有错。,差评
R01298,6,5,练习题丰富，练习题丰富。,好评
R01299,1,3,还可以，一般般。,中性
R01300,10,3,内容中等，学完有基础。,中性
R01301,7,1,进度条不准，节奏太快。,差评
R01302,5,3,学完有基础，内容中等。,中性
R01303,7,1,代码有 bug，节奏太快。,差评
R01304,9,5,Python 入门好课，练习题丰富。,好评
R01305,5,3,一般般，一般般。,中性
R01306,4,5,老师讲得很细，代码可直接跑。,好评
R01307,8,5,案例贴近实战，Python 入门好课。,好评
R01308,4,3,还可以，一般般。,中性
R01309,2,5,练习题丰富，Python 入门好课。,好评
R01310,1,3,一般般，学完有基础。,中性
R01311,3,5,代码可直接跑，Python 入门好课。,好评
R01312,10,1,代码有 bug，节奏太快。,差评
R01313,1,5,Python 入门好课，老师讲得很细。,好评
R01314,9,1,代码有 bug，代码有 bug。,差评
R01315,4,3,内容中等，一般般。,中性
R01316,8,1,讲解不细致，代码有 bug。,差评
R01317,1,5,课程内容很清晰，案例贴近实战。,好评
R01318,5,5,代码可直接跑，老师讲得很细。,好评
R01319,6,5,有收获，代码可直接跑。,好评
R01320,4,1,进度条不准，代码有 bug。,差评
R01321,3,3,内容中等，还可以。,中性
R01322,1,5,课程内容很清晰，课程内容很清晰。,好评
R01323,6,1,进度条不准，进度条不准。,差评
R01324,8,3,一般般，内容中等。,中性
R01325,7,5,代码可直接跑，老师讲得很细。,好评
R01326,8,1,练习题太难，讲解不细致。,差评
R01327,5,3,内容中等，内容中等。,中性
R01328,1,5,老师讲得很细，老师讲得很细。,好评
R01329,6,5,练习题丰富，有收获。,好评
R01330,4,5,有收获，有收获。,好评
R01331,10,3,内容中等，一般般。,中性
R01332,2,3,学完有基础，还可以。,中性
R01333,1,3,一般般，还可以。,中性
R01334,8,5,Python 入门好课，Python 入门好课。,好评
R01335,9,5,老师讲得很细，老师讲得很细。,好评
R01336,8,5,有收获，代码可直接跑。,好评
R01337,1,5,Python 入门好课，练习题丰富。,好评
R01338,7,1,练习题太难，练习题太难。,差评
R01339,6,3,内容中等，内容中等。,中性
R01340,7,3,学完有基础，还可以。,中性
R01341,7,1,节奏太快，代码有 bug。,差评
R01342,10,5,课程内容很清晰，练习题丰富。,好评
R01343,5,5,代码可直接跑，练习题丰富。,好评
R01344,4,5,课程内容很清晰，课程内容很清晰。,好评
R01345,9,3,学完有基础，学完有基础。,中性
R01346,8,3,还可以，一般般。,中性
R01347,7,5,案例贴近实战，案例贴近实战。,好评
R01348,3,5,代码可直接跑，Python 入门好课。,好评
R01349,10,5,课程内容很清晰，练习题丰富。,好评
R01350,9,5,Python 入门好课，课程内容很清晰。,好评
R01351,5,5,推荐给朋友，代码可直接跑。,好评
R01352,5,5,Python 入门好课，代码可直接跑。,好评
R01353,4,5,老师讲得很细，练习题丰富。,好评
R01354,5,3,还可以，一般般。,中性
R01355,3,1,节奏太快，进度条不准。,差评
R01356,5,5,代码可直接跑，练习题丰富。,好评
R01357,4,5,课程内容很清晰，Python 入门好课。,好评
R01358,6,5,老师讲得很细，课程内容很清晰。,好评
R01359,2,5,有收获，有收获。,好评
R01360,7,5,代码可直接跑，练习题丰富。,好评
R01361,1,5,代码可直接跑，有收获。,好评
R01362,1,1,进度条不准，字幕有错。,差评
R01363,5,3,内容中等，一般般。,中性
R01364,1,5,练习题丰富，代码可直接跑。,好评
R01365,5,3,还可以，学完有基础。,中性
R01366,4,5,Python 入门好课，推荐给朋友。,好评
R01367,4,5,有收获，代码可直接跑。,好评
R01368,7,1,视频质量一般，进度条不准。,差评
R01369,4,1,练习题太难，代码有 bug。,差评
R01370,3,3,学完有基础，内容中等。,中性
R01371,8,1,代码有 bug，节奏太快。,差评
R01372,3,3,一般般，学完有基础。,中性
R01373,10,3,一般般，一般般。,中性
R01374,3,1,代码有 bug，进度条不准。,差评
R01375,5,5,代码可直接跑，课程内容很清晰。,好评
R01376,7,1,练习题太难，练习题太难。,差评
R01377,3,3,一般般，还可以。,中性
R01378,4,3,还可以，学完有基础。,中性
R01379,2,5,推荐给朋友，案例贴近实战。,好评
R01380,10,3,一般般，还可以。,中性
R01381,7,5,老师讲得很细，案例贴近实战。,好评
R01382,1,5,课程内容很清晰，老师讲得很细。,好评
R01383,4,5,课程内容很清晰，练习题丰富。,好评
R01384,5,1,字幕有错，节奏太快。,差评
R01385,1,3,一般般，还可以。,中性
R01386,2,5,老师讲得很细，有收获。,好评
R01387,8,5,Python 入门好课，练习题丰富。,好评
R01388,5,5,推荐给朋友，练习题丰富。,好评
R01389,3,1,讲解不细致，代码有 bug。,差评
R01390,9,5,Python 入门好课，课程内容很清晰。,好评
R01391,1,5,代码可直接跑，老师讲得很细。,好评
R01392,9,5,课程内容很清晰，老师讲得很细。,好评
R01393,9,5,代码可直接跑，老师讲得很细。,好评
R01394,1,5,案例贴近实战，练习题丰富。,好评
R01395,4,1,练习题太难，节奏太快。,差评
R01396,3,5,案例贴近实战，案例贴近实战。,好评
R01397,5,1,讲解不细致，进度条不准。,差评
R01398,2,5,Python 入门好课，案例贴近实战。,好评
R01399,2,5,推荐给朋友，练习题丰富。,好评
R01400,5,5,Python 入门好课，老师讲得很细。,好评
R01401,10,1,讲解不细致，节奏太快。,差评
R01402,6,3,内容中等，还可以。,中性
R01403,10,3,还可以，还可以。,中性
R01404,7,1,练习题太难，练习题太难。,差评
R01405,7,5,有收获，练习题丰富。,好评
R01406,10,3,一般般，内容中等。,中性
R01407,6,1,字幕有错，讲解不细致。,差评
R01408,8,5,老师讲得很细，代码可直接跑。,好评
R01409,2,3,内容中等，内容中等。,中性
R01410,3,5,课程内容很清晰，练习题丰富。,好评
R01411,7,5,有收获，练习题丰富。,好评
R01412,2,5,推荐给朋友，推荐给朋友。,好评
R01413,5,5,老师讲得很细，案例贴近实战。,好评
R01414,6,5,练习题丰富，老师讲得很细。,好评
R01415,7,5,练习题丰富，练习题丰富。,好评
R01416,8,5,有收获，有收获。,好评
R01417,7,5,案例贴近实战，推荐给朋友。,好评
R01418,6,1,视频质量一般，字幕有错。,差评
R01419,4,1,练习题太难，字幕有错。,差评
R01420,9,5,案例贴近实战，案例贴近实战。,好评
R01421,9,5,推荐给朋友，推荐给朋友。,好评
R01422,2,5,Python 入门好课，案例贴近实战。,好评
R01423,2,3,学完有基础，一般般。,中性
R01424,1,5,Python 入门好课，有收获。,好评
R01425,6,5,Python 入门好课，课程内容很清晰。,好评
R01426,2,5,推荐给朋友，练习题丰富。,好评
R01427,6,1,节奏太快，讲解不细致。,差评
R01428,8,5,练习题丰富，代码可直接跑。,好评
R01429,4,5,练习题丰富，案例贴近实战。,好评
R01430,1,5,Python 入门好课，Python 入门好课。,好评
R01431,3,5,练习题丰富，老师讲得很细。,好评
R01432,7,3,学完有基础，还可以。,中性
R01433,2,3,内容中等，还可以。,中性
R01434,2,1,进度条不准，视频质量一般。,差评
R01435,10,1,代码有 bug，字幕有错。,差评
R01436,3,5,练习题丰富，课程内容很清晰。,好评
R01437,2,1,讲解不细致，练习题太难。,差评
R01438,1,1,练习题太难，节奏太快。,差评
R01439,3,5,案例贴近实战，练习题丰富。,好评
R01440,9,3,学完有基础，一般般。,中性
R01441,7,5,代码可直接跑，推荐给朋友。,好评
R01442,1,5,有收获，推荐给朋友。,好评
R01443,3,1,讲解不细致，节奏太快。,差评
R01444,1,1,节奏太快，进度条不准。,差评
R01445,3,1,视频质量一般，字幕有错。,差评
R01446,7,5,练习题丰富，课程内容很清晰。,好评
R01447,9,3,学完有基础，学完有基础。,中性
R01448,4,5,代码可直接跑，代码可直接跑。,好评
R01449,5,5,案例贴近实战，练习题丰富。,好评
R01450,3,3,还可以，学完有基础。,中性
R01451,7,1,进度条不准，练习题太难。,差评
R01452,7,5,课程内容很清晰，Python 入门好课。,好评
R01453,8,3,一般般，还可以。,中性
R01454,7,5,推荐给朋友，有收获。,好评
R01455,1,5,案例贴近实战，练习题丰富。,好评
R01456,4,5,有收获，案例贴近实战。,好评
R01457,2,3,内容中等，还可以。,中性
R01458,10,5,老师讲得很细，有收获。,好评
R01459,6,1,字幕有错，字幕有错。,差评
R01460,5,5,课程内容很清晰，Python 入门好课。,好评
R01461,2,1,练习题太难，视频质量一般。,差评
R01462,10,5,老师讲得很细，Python 入门好课。,好评
R01463,5,1,节奏太快，字幕有错。,差评
R01464,1,5,Python 入门好课，Python 入门好课。,好评
R01465,2,1,练习题太难，讲解不细致。,差评
R01466,1,3,还可以，学完有基础。,中性
R01467,2,1,节奏太快，讲解不细致。,差评
R01468,6,5,代码可直接跑，课程内容很清晰。,好评
R01469,9,3,内容中等，学完有基础。,中性
R01470,7,5,Python 入门好课，有收获。,好评
R01471,3,1,进度条不准，讲解不细致。,差评
R01472,7,3,还可以，内容中等。,中性
R01473,1,5,老师讲得很细，练习题丰富。,好评
R01474,10,5,案例贴近实战，推荐给朋友。,好评
R01475,3,5,课程内容很清晰，代码可直接跑。,好评
R01476,8,1,练习题太难，进度条不准。,差评
R01477,2,1,节奏太快，进度条不准。,差评
R01478,3,5,Python 入门好课，Python 入门好课。,好评
R01479,8,5,练习题丰富，有收获。,好评
R01480,5,5,练习题丰富，有收获。,好评
R01481,1,5,有收获，案例贴近实战。,好评
R01482,4,5,案例贴近实战，Python 入门好课。,好评
R01483,10,3,还可以，一般般。,中性
R01484,1,5,推荐给朋友，老师讲得很细。,好评
R01485,9,3,一般般，内容中等。,中性
R01486,2,1,字幕有错，字幕有错。,差评
R01487,8,5,推荐给朋友，老师讲得很细。,好评
R01488,5,1,讲解不细致，练习题太难。,差评
R01489,5,5,练习题丰富，老师讲得很细。,好评
R01490,2,5,有收获，有收获。,好评
R01491,8,5,老师讲得很细，练习题丰富。,好评
R01492,5,5,代码可直接跑，推荐给朋友。,好评
R01493,2,5,推荐给朋友，练习题丰富。,好评
R01494,6,5,推荐给朋友，课程内容很清晰。,好评
R01495,7,5,代码可直接跑，案例贴近实战。,好评
R01496,6,5,练习题丰富，推荐给朋友。,好评
R01497,2,5,有收获，有收获。,好评
R01498,5,5,案例贴近实战，推荐给朋友。,好评
R01499,4,5,课程内容很清晰，课程内容很清晰。,好评
R01500,2,5,课程内容很清晰，练习题丰富。,好评
